Workbook

Sheet Instrucciones
B2: Fantasy de Clase — Guia de uso
B3: Plantilla para gestionar el Fantasy con 24 alumnos, plantillas de 5 jugadores y capitan.
B5: 1. Alumnos
B6: Escribe el nombre real de cada uno de los 24 alumnos en la hoja 'Alumnos' (celdas en amarillo). No cambies los ID.
B8: 2. Config_Puntos
B9: Ajusta el nombre y los puntos de cada evento puntuable en 'Config_Puntos' (celdas en amarillo). Puedes anadir filas nuevas si necesitas mas eventos, siguiendo el mismo formato.
B11: 3. Calendario
B12: Muestra las 12 jornadas de 2 semanas entre el 21/09/2026 y el 05/03/2027 (la ultima dura 12 dias para cuadrar con el fin de temporada), con la fecha de apertura y cierre (24h) de cada ventana de fichajes. Si cambias las fechas de inicio/fin en B1/B2, las jornadas se recalculan solas.
B14: 4. Eventos
B15: Cada vez que ocurra algo puntuable (participacion, entrega, examen, etc.) registra una fila en 'Eventos': fecha, jornada (1-12), alumno y tipo de evento. Los puntos se calculan solos.
B17: 5. Puntos_Jornada
B18: Se calcula automaticamente: total de puntos de cada alumno en cada jornada, a partir de la hoja 'Eventos'. No editar a mano.
... B34: - El capitan duplica su puntuacion: se suma su puntuacion una vez extra sobre el total de los 5 jugadores.

Sheet Alumnos
A1: ID | B1: Nombre | C1: Valor J2 | D1: Valor J1
A2: 1 | B2: Alumno 1 | C2: 25 | D2: 20
A3: 2 | B3: Alumno 2 | D3: 20
A4: 3 | B4: Alumno 3 | D4: 20
A5: 4 | B5: Alumno 4 | D5: 20
A6: 5 | B6: Alumno 5 | D6: 20
A7: 6 | B7: Alumno 6 | D7: 20
A8: 7 | B8: Alumno 7 | D8: 20
A9: 8 | B9: Alumno 8 | D9: 20
A10: 9 | B10: Alumno 9 | D10: 20
A11: 10 | B11: Alumno 10 | D11: 20
A12: 11 | B12: Alumno 11 | D12: 20
A13: 12 | B13: Alumno 12 | D13: 20
A14: 13 | B14: Alumno 13 | D14: 20
... A25: 24 | B25: Alumno 24 | D25: 20

Sheet Config_Puntos
A1: Evento | B1: Puntos
A2: Mejora respecto al anterior examen | B2: 6
A3: Examen >9 | B3: 6
A4: Trabajo >9 | B4: 5
A5: Examen 7>X<9 | B5: 4
A6: Trabajo 7>X<9 | B6: 3
A7: Participacion voluntaria (diversas formas) | B7: 2
A8: Nota examen por encima de la media | B8: 2
A9: Ayuda a un companero | B9: 2
A10: No ha tenido ausencias en la jornada | B10: 2
A11: Trabajo 6>X<7 | B11: 2
A12: Examen 6>X<7 | B12: 2
A13: Entrega de tarea a tiempo | B13: 1
... A21: Trabajo/Examen no entregado | B21: -10

Sheet Calendario
A1: Fecha inicio temporada | B1: 46286
A2: Fecha fin temporada | B2: 46451
A4: Jornada | B4: Fecha inicio jornada | C4: Fecha fin jornada | D4: Apertura ventana fichajes | E4: Cierre ventana fichajes (24h)
A5: 1 | B5: =$B$1 -> 46286 | C5: =MIN(B5+13,$B$2) -> 46299 | D5: =B5 -> 46286 | E5: =B5+1 -> 46287
A6: 2 | B6: =C5+1 -> 46300 | C6: =MIN(B6+13,$B$2) -> 46313 | D6: =B6 -> 46300 | E6: =B6+1 -> 46301
A7: 3 | B7: =C6+1 -> 46314 | C7: =MIN(B7+13,$B$2) -> 46327 | D7: =B7 -> 46314 | E7: =B7+1 -> 46315
A8: 4 | B8: =C7+1 -> 46328 | C8: =MIN(B8+13,$B$2) -> 46341 | D8: =B8 -> 46328 | E8: =B8+1 -> 46329
A9: 5 | B9: =C8+1 -> 46342 | C9: =MIN(B9+13,$B$2) -> 46355 | D9: =B9 -> 46342 | E9: =B9+1 -> 46343
A10: 6 | B10: =C9+1 -> 46356 | C10: =MIN(B10+13,$B$2) -> 46369 | D10: =B10 -> 46356 | E10: =B10+1 -> 46357
A11: 7 | B11: =C10+1 -> 46370 | C11: =MIN(B11+13,$B$2) -> 46383 | D11: =B11 -> 46370 | E11: =B11+1 -> 46371
A12: 8 | B12: =C11+1 -> 46384 | C12: =MIN(B12+13,$B$2) -> 46397 | D12: =B12 -> 46384 | E12: =B12+1 -> 46385 | F12: J sin cambios: Navidad
A13: 9 | B13: =C12+1 -> 46398 | C13: =MIN(B13+13,$B$2) -> 46411 | D13: =B13 -> 46398 | E13: =B13+1 -> 46399
A14: 10 | B14: =C13+1 -> 46412 | C14: =MIN(B14+13,$B$2) -> 46425 | D14: =B14 -> 46412 | E14: =B14+1 -> 46413
A15: 11 | B15: =C14+1 -> 46426 | C15: =MIN(B15+13,$B$2) -> 46439 | D15: =B15 -> 46426 | E15: =B15+1 -> 46427
A16: 12 | B16: =C15+1 -> 46440 | C16: =MIN(B16+13,$B$2) -> 46451 | D16: =B16 -> 46440 | E16: =B16+1 -> 46441

Sheet Eventos
A1: Fecha | B1: Jornada | C1: Alumno | D1: Evento | E1: Puntos | F1: Comentario
A2: 46287 | B2: 1 | C2: Alumno 1 | D2: Mejora respecto al anterior examen | E2: =IFERROR(INDEX(Config_Puntos!$B$2:$B$18,MATCH(D2,Config_Puntos!$A$2:$A$18,0)),"") -> 6
A3: 46287 | B3: 1 | C3: Alumno 1 | D3: Participacion voluntaria (diversas formas) | E3: =IFERROR(INDEX(Config_Puntos!$B$2:$B$18,MATCH(D3,Config_Puntos!$A$2:$A$18,0)),"") -> 2
E4: =IFERROR(INDEX(Config_Puntos!$B$2:$B$18,MATCH(D4,Config_Puntos!$A$2:$A$18,0)),"")
E5: =IFERROR(INDEX(Config_Puntos!$B$2:$B$18,MATCH(D5,Config_Puntos!$A$2:$A$18,0)),"")
E6: =IFERROR(INDEX(Config_Puntos!$B$2:$B$18,MATCH(D6,Config_Puntos!$A$2:$A$18,0)),"")
E7: =IFERROR(INDEX(Config_Puntos!$B$2:$B$18,MATCH(D7,Config_Puntos!$A$2:$A$18,0)),"")
E8: =IFERROR(INDEX(Config_Puntos!$B$2:$B$18,MATCH(D8,Config_Puntos!$A$2:$A$18,0)),"")
E9: =IFERROR(INDEX(Config_Puntos!$B$2:$B$18,MATCH(D9,Config_Puntos!$A$2:$A$18,0)),"")
E10: =IFERROR(INDEX(Config_Puntos!$B$2:$B$18,MATCH(D10,Config_Puntos!$A$2:$A$18,0)),"")
E11: =IFERROR(INDEX(Config_Puntos!$B$2:$B$18,MATCH(D11,Config_Puntos!$A$2:$A$18,0)),"")
E12: =IFERROR(INDEX(Config_Puntos!$B$2:$B$18,MATCH(D12,Config_Puntos!$A$2:$A$18,0)),"")
E13: =IFERROR(INDEX(Config_Puntos!$B$2:$B$18,MATCH(D13,Config_Puntos!$A$2:$A$18,0)),"")
E14: =IFERROR(INDEX(Config_Puntos!$B$2:$B$18,MATCH(D14,Config_Puntos!$A$2:$A$18,0)),"")
E15: =IFERROR(INDEX(Config_Puntos!$B$2:$B$18,MATCH(D15,Config_Puntos!$A$2:$A$18,0)),"")
... E401: =IFERROR(INDEX(Config_Puntos!$B$2:$B$18,MATCH(D401,Config_Puntos!$A$2:$A$18,0)),"")

Sheet Plantillas
A1: Jornada | B1: Manager | C1: Jugador 1 | D1: Jugador 2 | E1: Jugador 3 | F1: Jugador 4 | G1: Jugador 5 | H1: Capitan | I1: V1 | J1: V2 | K1: V3 | L1: V4 | M1: V5 | N1: Valor plantilla | O1: Manager en su propia plantilla? | P1: Capitan valido? | Q1: Fecha inicio jornada | R1: Fecha fin jornada | S1: Ventana de fichajes
A2: 1 | B2: =Alumnos!B2 -> Alumno 1 | C2: =B2 -> Alumno 1 | D2: Alumno 3 | E2: Alumno 4 | F2: Alumno 1 | G2: Alumno 10 | H2: Alumno 1 | I2: =VLOOKUP(C2,Alumnos!$B:$D,2,FALSE) -> 25 | J2: =VLOOKUP(D2,Alumnos!$B:$D,2,FALSE) -> 0 | K2: =VLOOKUP(E2,Alumnos!$B:$D,2,FALSE) -> 0 | L2: =VLOOKUP(F2,Alumnos!$B:$D,2,FALSE) -> 25 | M2: =VLOOKUP(G2,Alumnos!$B:$D,2,FALSE) -> 0 | N2: =SUM(I2:M2) -> 50 | O2: =IF(OR($B2=$C2,$B2=$D2,$B2=$E2,$B2=$F2,$B2=$G2),"OK","FALTA") -> OK | P2: =IF(OR($H2=$C2,$H2=$D2,$H2=$E2,$H2=$F2,$H2=$G2),"OK","ERROR") -> OK | Q2: =INDEX(Calendario!$B$5:$B$16,MATCH($A2,Calendario!$A$5:$A$16,0)) -> 46286 | R2: =INDEX(Calendario!$C$5:$C$16,MATCH($A2,Calendario!$A$5:$A$16,0)) -> 46299 | S2: =TEXT(Q2,"DD/MM/YYYY")&" - "&TEXT(Q2+1,"DD/MM/YYYY") -> 21/09/YYYY - 22/09/YYYY
A3: 1 | B3: =Alumnos!B3 -> Alumno 2 | O3: =IF(OR($B3=$C3,$B3=$D3,$B3=$E3,$B3=$F3,$B3=$G3),"OK","FALTA") -> FALTA | P3: =IF(OR($H3=$C3,$H3=$D3,$H3=$E3,$H3=$F3,$H3=$G3),"OK","ERROR") -> OK | Q3: =INDEX(Calendario!$B$5:$B$16,MATCH($A3,Calendario!$A$5:$A$16,0)) -> 46286 | R3: =INDEX(Calendario!$C$5:$C$16,MATCH($A3,Calendario!$A$5:$A$16,0)) -> 46299 | S3: =TEXT(Q3,"DD/MM/YYYY")&" - "&TEXT(Q3+1,"DD/MM/YYYY") -> 21/09/YYYY - 22/09/YYYY
A4: 1 | B4: =Alumnos!B4 -> Alumno 3 | O4: =IF(OR($B4=$C4,$B4=$D4,$B4=$E4,$B4=$F4,$B4=$G4),"OK","FALTA") -> FALTA | P4: =IF(OR($H4=$C4,$H4=$D4,$H4=$E4,$H4=$F4,$H4=$G4),"OK","ERROR") -> OK | Q4: =INDEX(Calendario!$B$5:$B$16,MATCH($A4,Calendario!$A$5:$A$16,0)) -> 46286 | R4: =INDEX(Calendario!$C$5:$C$16,MATCH($A4,Calendario!$A$5:$A$16,0)) -> 46299 | S4: =TEXT(Q4,"DD/MM/YYYY")&" - "&TEXT(Q4+1,"DD/MM/YYYY") -> 21/09/YYYY - 22/09/YYYY
A5: 1 | B5: =Alumnos!B5 -> Alumno 4 | O5: =IF(OR($B5=$C5,$B5=$D5,$B5=$E5,$B5=$F5,$B5=$G5),"OK","FALTA") -> FALTA | P5: =IF(OR($H5=$C5,$H5=$D5,$H5=$E5,$H5=$F5,$H5=$G5),"OK","ERROR") -> OK | Q5: =INDEX(Calendario!$B$5:$B$16,MATCH($A5,Calendario!$A$5:$A$16,0)) -> 46286 | R5: =INDEX(Calendario!$C$5:$C$16,MATCH($A5,Calendario!$A$5:$A$16,0)) -> 46299 | S5: =TEXT(Q5,"DD/MM/YYYY")&" - "&TEXT(Q5+1,"DD/MM/YYYY") -> 21/09/YYYY - 22/09/YYYY
A6: 1 | B6: =Alumnos!B6 -> Alumno 5 | O6: =IF(OR($B6=$C6,$B6=$D6,$B6=$E6,$B6=$F6,$B6=$G6),"OK","FALTA") -> FALTA | P6: =IF(OR($H6=$C6,$H6=$D6,$H6=$E6,$H6=$F6,$H6=$G6),"OK","ERROR") -> OK | Q6: =INDEX(Calendario!$B$5:$B$16,MATCH($A6,Calendario!$A$5:$A$16,0)) -> 46286 | R6: =INDEX(Calendario!$C$5:$C$16,MATCH($A6,Calendario!$A$5:$A$16,0)) -> 46299 | S6: =TEXT(Q6,"DD/MM/YYYY")&" - "&TEXT(Q6+1,"DD/MM/YYYY") -> 21/09/YYYY - 22/09/YYYY
A7: 1 | B7: =Alumnos!B7 -> Alumno 6 | O7: =IF(OR($B7=$C7,$B7=$D7,$B7=$E7,$B7=$F7,$B7=$G7),"OK","FALTA") -> FALTA | P7: =IF(OR($H7=$C7,$H7=$D7,$H7=$E7,$H7=$F7,$H7=$G7),"OK","ERROR") -> OK | Q7: =INDEX(Calendario!$B$5:$B$16,MATCH($A7,Calendario!$A$5:$A$16,0)) -> 46286 | R7: =INDEX(Calendario!$C$5:$C$16,MATCH($A7,Calendario!$A$5:$A$16,0)) -> 46299 | S7: =TEXT(Q7,"DD/MM/YYYY")&" - "&TEXT(Q7+1,"DD/MM/YYYY") -> 21/09/YYYY - 22/09/YYYY
A8: 1 | B8: =Alumnos!B8 -> Alumno 7 | O8: =IF(OR($B8=$C8,$B8=$D8,$B8=$E8,$B8=$F8,$B8=$G8),"OK","FALTA") -> FALTA | P8: =IF(OR($H8=$C8,$H8=$D8,$H8=$E8,$H8=$F8,$H8=$G8),"OK","ERROR") -> OK | Q8: =INDEX(Calendario!$B$5:$B$16,MATCH($A8,Calendario!$A$5:$A$16,0)) -> 46286 | R8: =INDEX(Calendario!$C$5:$C$16,MATCH($A8,Calendario!$A$5:$A$16,0)) -> 46299 | S8: =TEXT(Q8,"DD/MM/YYYY")&" - "&TEXT(Q8+1,"DD/MM/YYYY") -> 21/09/YYYY - 22/09/YYYY
A9: 1 | B9: =Alumnos!B9 -> Alumno 8 | O9: =IF(OR($B9=$C9,$B9=$D9,$B9=$E9,$B9=$F9,$B9=$G9),"OK","FALTA") -> FALTA | P9: =IF(OR($H9=$C9,$H9=$D9,$H9=$E9,$H9=$F9,$H9=$G9),"OK","ERROR") -> OK | Q9: =INDEX(Calendario!$B$5:$B$16,MATCH($A9,Calendario!$A$5:$A$16,0)) -> 46286 | R9: =INDEX(Calendario!$C$5:$C$16,MATCH($A9,Calendario!$A$5:$A$16,0)) -> 46299 | S9: =TEXT(Q9,"DD/MM/YYYY")&" - "&TEXT(Q9+1,"DD/MM/YYYY") -> 21/09/YYYY - 22/09/YYYY
A10: 1 | B10: =Alumnos!B10 -> Alumno 9 | O10: =IF(OR($B10=$C10,$B10=$D10,$B10=$E10,$B10=$F10,$B10=$G10),"OK","FALTA") -> FALTA | P10: =IF(OR($H10=$C10,$H10=$D10,$H10=$E10,$H10=$F10,$H10=$G10),"OK","ERROR") -> OK | Q10: =INDEX(Calendario!$B$5:$B$16,MATCH($A10,Calendario!$A$5:$A$16,0)) -> 46286 | R10: =INDEX(Calendario!$C$5:$C$16,MATCH($A10,Calendario!$A$5:$A$16,0)) -> 46299 | S10: =TEXT(Q10,"DD/MM/YYYY")&" - "&TEXT(Q10+1,"DD/MM/YYYY") -> 21/09/YYYY - 22/09/YYYY
A11: 1 | B11: =Alumnos!B11 -> Alumno 10 | O11: =IF(OR($B11=$C11,$B11=$D11,$B11=$E11,$B11=$F11,$B11=$G11),"OK","FALTA") -> FALTA | P11: =IF(OR($H11=$C11,$H11=$D11,$H11=$E11,$H11=$F11,$H11=$G11),"OK","ERROR") -> OK | Q11: =INDEX(Calendario!$B$5:$B$16,MATCH($A11,Calendario!$A$5:$A$16,0)) -> 46286 | R11: =INDEX(Calendario!$C$5:$C$16,MATCH($A11,Calendario!$A$5:$A$16,0)) -> 46299 | S11: =TEXT(Q11,"DD/MM/YYYY")&" - "&TEXT(Q11+1,"DD/MM/YYYY") -> 21/09/YYYY - 22/09/YYYY
A12: 1 | B12: =Alumnos!B12 -> Alumno 11 | O12: =IF(OR($B12=$C12,$B12=$D12,$B12=$E12,$B12=$F12,$B12=$G12),"OK","FALTA") -> FALTA | P12: =IF(OR($H12=$C12,$H12=$D12,$H12=$E12,$H12=$F12,$H12=$G12),"OK","ERROR") -> OK | Q12: =INDEX(Calendario!$B$5:$B$16,MATCH($A12,Calendario!$A$5:$A$16,0)) -> 46286 | R12: =INDEX(Calendario!$C$5:$C$16,MATCH($A12,Calendario!$A$5:$A$16,0)) -> 46299 | S12: =TEXT(Q12,"DD/MM/YYYY")&" - "&TEXT(Q12+1,"DD/MM/YYYY") -> 21/09/YYYY - 22/09/YYYY
A13: 1 | B13: =Alumnos!B13 -> Alumno 12 | O13: =IF(OR($B13=$C13,$B13=$D13,$B13=$E13,$B13=$F13,$B13=$G13),"OK","FALTA") -> FALTA | P13: =IF(OR($H13=$C13,$H13=$D13,$H13=$E13,$H13=$F13,$H13=$G13),"OK","ERROR") -> OK | Q13: =INDEX(Calendario!$B$5:$B$16,MATCH($A13,Calendario!$A$5:$A$16,0)) -> 46286 | R13: =INDEX(Calendario!$C$5:$C$16,MATCH($A13,Calendario!$A$5:$A$16,0)) -> 46299 | S13: =TEXT(Q13,"DD/MM/YYYY")&" - "&TEXT(Q13+1,"DD/MM/YYYY") -> 21/09/YYYY - 22/09/YYYY
A14: 1 | B14: =Alumnos!B14 -> Alumno 13 | O14: =IF(OR($B14=$C14,$B14=$D14,$B14=$E14,$B14=$F14,$B14=$G14),"OK","FALTA") -> FALTA | P14: =IF(OR($H14=$C14,$H14=$D14,$H14=$E14,$H14=$F14,$H14=$G14),"OK","ERROR") -> OK | Q14: =INDEX(Calendario!$B$5:$B$16,MATCH($A14,Calendario!$A$5:$A$16,0)) -> 46286 | R14: =INDEX(Calendario!$C$5:$C$16,MATCH($A14,Calendario!$A$5:$A$16,0)) -> 46299 | S14: =TEXT(Q14,"DD/MM/YYYY")&" - "&TEXT(Q14+1,"DD/MM/YYYY") -> 21/09/YYYY - 22/09/YYYY
... A25: 1 | B25: =Alumnos!B25 -> Alumno 24 | O25: =IF(OR($B25=$C25,$B25=$D25,$B25=$E25,$B25=$F25,$B25=$G25),"OK","FALTA") -> FALTA | P25: =IF(OR($H25=$C25,$H25=$D25,$H25=$E25,$H25=$F25,$H25=$G25),"OK","ERROR") -> OK | Q25: =INDEX(Calendario!$B$5:$B$16,MATCH($A25,Calendario!$A$5:$A$16,0)) -> 46286 | R25: =INDEX(Calendario!$C$5:$C$16,MATCH($A25,Calendario!$A$5:$A$16,0)) -> 46299 | S25: =TEXT(Q25,"DD/MM/YYYY")&" - "&TEXT(Q25+1,"DD/MM/YYYY") -> 21/09/YYYY - 22/09/YYYY
A26: 2 | B26: =Alumnos!B2 -> Alumno 1 | O26: =IF(OR($B26=$C26,$B26=$D26,$B26=$E26,$B26=$F26,$B26=$G26),"OK","FALTA") -> FALTA | P26: =IF(OR($H26=$C26,$H26=$D26,$H26=$E26,$H26=$F26,$H26=$G26),"OK","ERROR") -> OK | Q26: =INDEX(Calendario!$B$5:$B$16,MATCH($A26,Calendario!$A$5:$A$16,0)) -> 46300 | R26: =INDEX(Calendario!$C$5:$C$16,MATCH($A26,Calendario!$A$5:$A$16,0)) -> 46313 | S26: =TEXT(Q26,"DD/MM/YYYY")&" - "&TEXT(Q26+1,"DD/MM/YYYY") -> 05/10/YYYY - 06/10/YYYY
A27: 2 | B27: =Alumnos!B3 -> Alumno 2 | O27: =IF(OR($B27=$C27,$B27=$D27,$B27=$E27,$B27=$F27,$B27=$G27),"OK","FALTA") -> FALTA | P27: =IF(OR($H27=$C27,$H27=$D27,$H27=$E27,$H27=$F27,$H27=$G27),"OK","ERROR") -> OK | Q27: =INDEX(Calendario!$B$5:$B$16,MATCH($A27,Calendario!$A$5:$A$16,0)) -> 46300 | R27: =INDEX(Calendario!$C$5:$C$16,MATCH($A27,Calendario!$A$5:$A$16,0)) -> 46313 | S27: =TEXT(Q27,"DD/MM/YYYY")&" - "&TEXT(Q27+1,"DD/MM/YYYY") -> 05/10/YYYY - 06/10/YYYY
A28: 2 | B28: =Alumnos!B4 -> Alumno 3 | O28: =IF(OR($B28=$C28,$B28=$D28,$B28=$E28,$B28=$F28,$B28=$G28),"OK","FALTA") -> FALTA | P28: =IF(OR($H28=$C28,$H28=$D28,$H28=$E28,$H28=$F28,$H28=$G28),"OK","ERROR") -> OK | Q28: =INDEX(Calendario!$B$5:$B$16,MATCH($A28,Calendario!$A$5:$A$16,0)) -> 46300 | R28: =INDEX(Calendario!$C$5:$C$16,MATCH($A28,Calendario!$A$5:$A$16,0)) -> 46313 | S28: =TEXT(Q28,"DD/MM/YYYY")&" - "&TEXT(Q28+1,"DD/MM/YYYY") -> 05/10/YYYY - 06/10/YYYY
A29: 2 | B29: =Alumnos!B5 -> Alumno 4 | O29: =IF(OR($B29=$C29,$B29=$D29,$B29=$E29,$B29=$F29,$B29=$G29),"OK","FALTA") -> FALTA | P29: =IF(OR($H29=$C29,$H29=$D29,$H29=$E29,$H29=$F29,$H29=$G29),"OK","ERROR") -> OK | Q29: =INDEX(Calendario!$B$5:$B$16,MATCH($A29,Calendario!$A$5:$A$16,0)) -> 46300 | R29: =INDEX(Calendario!$C$5:$C$16,MATCH($A29,Calendario!$A$5:$A$16,0)) -> 46313 | S29: =TEXT(Q29,"DD/MM/YYYY")&" - "&TEXT(Q29+1,"DD/MM/YYYY") -> 05/10/YYYY - 06/10/YYYY
A30: 2 | B30: =Alumnos!B6 -> Alumno 5 | O30: =IF(OR($B30=$C30,$B30=$D30,$B30=$E30,$B30=$F30,$B30=$G30),"OK","FALTA") -> FALTA | P30: =IF(OR($H30=$C30,$H30=$D30,$H30=$E30,$H30=$F30,$H30=$G30),"OK","ERROR") -> OK | Q30: =INDEX(Calendario!$B$5:$B$16,MATCH($A30,Calendario!$A$5:$A$16,0)) -> 46300 | R30: =INDEX(Calendario!$C$5:$C$16,MATCH($A30,Calendario!$A$5:$A$16,0)) -> 46313 | S30: =TEXT(Q30,"DD/MM/YYYY")&" - "&TEXT(Q30+1,"DD/MM/YYYY") -> 05/10/YYYY - 06/10/YYYY
A31: 2 | B31: =Alumnos!B7 -> Alumno 6 | O31: =IF(OR($B31=$C31,$B31=$D31,$B31=$E31,$B31=$F31,$B31=$G31),"OK","FALTA") -> FALTA | P31: =IF(OR($H31=$C31,$H31=$D31,$H31=$E31,$H31=$F31,$H31=$G31),"OK","ERROR") -> OK | Q31: =INDEX(Calendario!$B$5:$B$16,MATCH($A31,Calendario!$A$5:$A$16,0)) -> 46300 | R31: =INDEX(Calendario!$C$5:$C$16,MATCH($A31,Calendario!$A$5:$A$16,0)) -> 46313 | S31: =TEXT(Q31,"DD/MM/YYYY")&" - "&TEXT(Q31+1,"DD/MM/YYYY") -> 05/10/YYYY - 06/10/YYYY
A32: 2 | B32: =Alumnos!B8 -> Alumno 7 | O32: =IF(OR($B32=$C32,$B32=$D32,$B32=$E32,$B32=$F32,$B32=$G32),"OK","FALTA") -> FALTA | P32: =IF(OR($H32=$C32,$H32=$D32,$H32=$E32,$H32=$F32,$H32=$G32),"OK","ERROR") -> OK | Q32: =INDEX(Calendario!$B$5:$B$16,MATCH($A32,Calendario!$A$5:$A$16,0)) -> 46300 | R32: =INDEX(Calendario!$C$5:$C$16,MATCH($A32,Calendario!$A$5:$A$16,0)) -> 46313 | S32: =TEXT(Q32,"DD/MM/YYYY")&" - "&TEXT(Q32+1,"DD/MM/YYYY") -> 05/10/YYYY - 06/10/YYYY
A33: 2 | B33: =Alumnos!B9 -> Alumno 8 | O33: =IF(OR($B33=$C33,$B33=$D33,$B33=$E33,$B33=$F33,$B33=$G33),"OK","FALTA") -> FALTA | P33: =IF(OR($H33=$C33,$H33=$D33,$H33=$E33,$H33=$F33,$H33=$G33),"OK","ERROR") -> OK | Q33: =INDEX(Calendario!$B$5:$B$16,MATCH($A33,Calendario!$A$5:$A$16,0)) -> 46300 | R33: =INDEX(Calendario!$C$5:$C$16,MATCH($A33,Calendario!$A$5:$A$16,0)) -> 46313 | S33: =TEXT(Q33,"DD/MM/YYYY")&" - "&TEXT(Q33+1,"DD/MM/YYYY") -> 05/10/YYYY - 06/10/YYYY
A34: 2 | B34: =Alumnos!B10 -> Alumno 9 | O34: =IF(OR($B34=$C34,$B34=$D34,$B34=$E34,$B34=$F34,$B34=$G34),"OK","FALTA") -> FALTA | P34: =IF(OR($H34=$C34,$H34=$D34,$H34=$E34,$H34=$F34,$H34=$G34),"OK","ERROR") -> OK | Q34: =INDEX(Calendario!$B$5:$B$16,MATCH($A34,Calendario!$A$5:$A$16,0)) -> 46300 | R34: =INDEX(Calendario!$C$5:$C$16,MATCH($A34,Calendario!$A$5:$A$16,0)) -> 46313 | S34: =TEXT(Q34,"DD/MM/YYYY")&" - "&TEXT(Q34+1,"DD/MM/YYYY") -> 05/10/YYYY - 06/10/YYYY
A35: 2 | B35: =Alumnos!B11 -> Alumno 10 | O35: =IF(OR($B35=$C35,$B35=$D35,$B35=$E35,$B35=$F35,$B35=$G35),"OK","FALTA") -> FALTA | P35: =IF(OR($H35=$C35,$H35=$D35,$H35=$E35,$H35=$F35,$H35=$G35),"OK","ERROR") -> OK | Q35: =INDEX(Calendario!$B$5:$B$16,MATCH($A35,Calendario!$A$5:$A$16,0)) -> 46300 | R35: =INDEX(Calendario!$C$5:$C$16,MATCH($A35,Calendario!$A$5:$A$16,0)) -> 46313 | S35: =TEXT(Q35,"DD/MM/YYYY")&" - "&TEXT(Q35+1,"DD/MM/YYYY") -> 05/10/YYYY - 06/10/YYYY
A36: 2 | B36: =Alumnos!B12 -> Alumno 11 | O36: =IF(OR($B36=$C36,$B36=$D36,$B36=$E36,$B36=$F36,$B36=$G36),"OK","FALTA") -> FALTA | P36: =IF(OR($H36=$C36,$H36=$D36,$H36=$E36,$H36=$F36,$H36=$G36),"OK","ERROR") -> OK | Q36: =INDEX(Calendario!$B$5:$B$16,MATCH($A36,Calendario!$A$5:$A$16,0)) -> 46300 | R36: =INDEX(Calendario!$C$5:$C$16,MATCH($A36,Calendario!$A$5:$A$16,0)) -> 46313 | S36: =TEXT(Q36,"DD/MM/YYYY")&" - "&TEXT(Q36+1,"DD/MM/YYYY") -> 05/10/YYYY - 06/10/YYYY
A37: 2 | B37: =Alumnos!B13 -> Alumno 12 | O37: =IF(OR($B37=$C37,$B37=$D37,$B37=$E37,$B37=$F37,$B37=$G37),"OK","FALTA") -> FALTA | P37: =IF(OR($H37=$C37,$H37=$D37,$H37=$E37,$H37=$F37,$H37=$G37),"OK","ERROR") -> OK | Q37: =INDEX(Calendario!$B$5:$B$16,MATCH($A37,Calendario!$A$5:$A$16,0)) -> 46300 | R37: =INDEX(Calendario!$C$5:$C$16,MATCH($A37,Calendario!$A$5:$A$16,0)) -> 46313 | S37: =TEXT(Q37,"DD/MM/YYYY")&" - "&TEXT(Q37+1,"DD/MM/YYYY") -> 05/10/YYYY - 06/10/YYYY
... A49: 2 | B49: =Alumnos!B25 -> Alumno 24 | O49: =IF(OR($B49=$C49,$B49=$D49,$B49=$E49,$B49=$F49,$B49=$G49),"OK","FALTA") -> FALTA | P49: =IF(OR($H49=$C49,$H49=$D49,$H49=$E49,$H49=$F49,$H49=$G49),"OK","ERROR") -> OK | Q49: =INDEX(Calendario!$B$5:$B$16,MATCH($A49,Calendario!$A$5:$A$16,0)) -> 46300 | R49: =INDEX(Calendario!$C$5:$C$16,MATCH($A49,Calendario!$A$5:$A$16,0)) -> 46313 | S49: =TEXT(Q49,"DD/MM/YYYY")&" - "&TEXT(Q49+1,"DD/MM/YYYY") -> 05/10/YYYY - 06/10/YYYY
A50: 3 | B50: =Alumnos!B2 -> Alumno 1 | O50: =IF(OR($B50=$C50,$B50=$D50,$B50=$E50,$B50=$F50,$B50=$G50),"OK","FALTA") -> FALTA | P50: =IF(OR($H50=$C50,$H50=$D50,$H50=$E50,$H50=$F50,$H50=$G50),"OK","ERROR") -> OK | Q50: =INDEX(Calendario!$B$5:$B$16,MATCH($A50,Calendario!$A$5:$A$16,0)) -> 46314 | R50: =INDEX(Calendario!$C$5:$C$16,MATCH($A50,Calendario!$A$5:$A$16,0)) -> 46327 | S50: =TEXT(Q50,"DD/MM/YYYY")&" - "&TEXT(Q50+1,"DD/MM/YYYY") -> 19/10/YYYY - 20/10/YYYY
A51: 3 | B51: =Alumnos!B3 -> Alumno 2 | O51: =IF(OR($B51=$C51,$B51=$D51,$B51=$E51,$B51=$F51,$B51=$G51),"OK","FALTA") -> FALTA | P51: =IF(OR($H51=$C51,$H51=$D51,$H51=$E51,$H51=$F51,$H51=$G51),"OK","ERROR") -> OK | Q51: =INDEX(Calendario!$B$5:$B$16,MATCH($A51,Calendario!$A$5:$A$16,0)) -> 46314 | R51: =INDEX(Calendario!$C$5:$C$16,MATCH($A51,Calendario!$A$5:$A$16,0)) -> 46327 | S51: =TEXT(Q51,"DD/MM/YYYY")&" - "&TEXT(Q51+1,"DD/MM/YYYY") -> 19/10/YYYY - 20/10/YYYY
A52: 3 | B52: =Alumnos!B4 -> Alumno 3 | O52: =IF(OR($B52=$C52,$B52=$D52,$B52=$E52,$B52=$F52,$B52=$G52),"OK","FALTA") -> FALTA | P52: =IF(OR($H52=$C52,$H52=$D52,$H52=$E52,$H52=$F52,$H52=$G52),"OK","ERROR") -> OK | Q52: =INDEX(Calendario!$B$5:$B$16,MATCH($A52,Calendario!$A$5:$A$16,0)) -> 46314 | R52: =INDEX(Calendario!$C$5:$C$16,MATCH($A52,Calendario!$A$5:$A$16,0)) -> 46327 | S52: =TEXT(Q52,"DD/MM/YYYY")&" - "&TEXT(Q52+1,"DD/MM/YYYY") -> 19/10/YYYY - 20/10/YYYY
A53: 3 | B53: =Alumnos!B5 -> Alumno 4 | O53: =IF(OR($B53=$C53,$B53=$D53,$B53=$E53,$B53=$F53,$B53=$G53),"OK","FALTA") -> FALTA | P53: =IF(OR($H53=$C53,$H53=$D53,$H53=$E53,$H53=$F53,$H53=$G53),"OK","ERROR") -> OK | Q53: =INDEX(Calendario!$B$5:$B$16,MATCH($A53,Calendario!$A$5:$A$16,0)) -> 46314 | R53: =INDEX(Calendario!$C$5:$C$16,MATCH($A53,Calendario!$A$5:$A$16,0)) -> 46327 | S53: =TEXT(Q53,"DD/MM/YYYY")&" - "&TEXT(Q53+1,"DD/MM/YYYY") -> 19/10/YYYY - 20/10/YYYY
A54: 3 | B54: =Alumnos!B6 -> Alumno 5 | O54: =IF(OR($B54=$C54,$B54=$D54,$B54=$E54,$B54=$F54,$B54=$G54),"OK","FALTA") -> FALTA | P54: =IF(OR($H54=$C54,$H54=$D54,$H54=$E54,$H54=$F54,$H54=$G54),"OK","ERROR") -> OK | Q54: =INDEX(Calendario!$B$5:$B$16,MATCH($A54,Calendario!$A$5:$A$16,0)) -> 46314 | R54: =INDEX(Calendario!$C$5:$C$16,MATCH($A54,Calendario!$A$5:$A$16,0)) -> 46327 | S54: =TEXT(Q54,"DD/MM/YYYY")&" - "&TEXT(Q54+1,"DD/MM/YYYY") -> 19/10/YYYY - 20/10/YYYY
A55: 3 | B55: =Alumnos!B7 -> Alumno 6 | O55: =IF(OR($B55=$C55,$B55=$D55,$B55=$E55,$B55=$F55,$B55=$G55),"OK","FALTA") -> FALTA | P55: =IF(OR($H55=$C55,$H55=$D55,$H55=$E55,$H55=$F55,$H55=$G55),"OK","ERROR") -> OK | Q55: =INDEX(Calendario!$B$5:$B$16,MATCH($A55,Calendario!$A$5:$A$16,0)) -> 46314 | R55: =INDEX(Calendario!$C$5:$C$16,MATCH($A55,Calendario!$A$5:$A$16,0)) -> 46327 | S55: =TEXT(Q55,"DD/MM/YYYY")&" - "&TEXT(Q55+1,"DD/MM/YYYY") -> 19/10/YYYY - 20/10/YYYY
A56: 3 | B56: =Alumnos!B8 -> Alumno 7 | O56: =IF(OR($B56=$C56,$B56=$D56,$B56=$E56,$B56=$F56,$B56=$G56),"OK","FALTA") -> FALTA | P56: =IF(OR($H56=$C56,$H56=$D56,$H56=$E56,$H56=$F56,$H56=$G56),"OK","ERROR") -> OK | Q56: =INDEX(Calendario!$B$5:$B$16,MATCH($A56,Calendario!$A$5:$A$16,0)) -> 46314 | R56: =INDEX(Calendario!$C$5:$C$16,MATCH($A56,Calendario!$A$5:$A$16,0)) -> 46327 | S56: =TEXT(Q56,"DD/MM/YYYY")&" - "&TEXT(Q56+1,"DD/MM/YYYY") -> 19/10/YYYY - 20/10/YYYY
A57: 3 | B57: =Alumnos!B9 -> Alumno 8 | O57: =IF(OR($B57=$C57,$B57=$D57,$B57=$E57,$B57=$F57,$B57=$G57),"OK","FALTA") -> FALTA | P57: =IF(OR($H57=$C57,$H57=$D57,$H57=$E57,$H57=$F57,$H57=$G57),"OK","ERROR") -> OK | Q57: =INDEX(Calendario!$B$5:$B$16,MATCH($A57,Calendario!$A$5:$A$16,0)) -> 46314 | R57: =INDEX(Calendario!$C$5:$C$16,MATCH($A57,Calendario!$A$5:$A$16,0)) -> 46327 | S57: =TEXT(Q57,"DD/MM/YYYY")&" - "&TEXT(Q57+1,"DD/MM/YYYY") -> 19/10/YYYY - 20/10/YYYY
A58: 3 | B58: =Alumnos!B10 -> Alumno 9 | O58: =IF(OR($B58=$C58,$B58=$D58,$B58=$E58,$B58=$F58,$B58=$G58),"OK","FALTA") -> FALTA | P58: =IF(OR($H58=$C58,$H58=$D58,$H58=$E58,$H58=$F58,$H58=$G58),"OK","ERROR") -> OK | Q58: =INDEX(Calendario!$B$5:$B$16,MATCH($A58,Calendario!$A$5:$A$16,0)) -> 46314 | R58: =INDEX(Calendario!$C$5:$C$16,MATCH($A58,Calendario!$A$5:$A$16,0)) -> 46327 | S58: =TEXT(Q58,"DD/MM/YYYY")&" - "&TEXT(Q58+1,"DD/MM/YYYY") -> 19/10/YYYY - 20/10/YYYY
A59: 3 | B59: =Alumnos!B11 -> Alumno 10 | O59: =IF(OR($B59=$C59,$B59=$D59,$B59=$E59,$B59=$F59,$B59=$G59),"OK","FALTA") -> FALTA | P59: =IF(OR($H59=$C59,$H59=$D59,$H59=$E59,$H59=$F59,$H59=$G59),"OK","ERROR") -> OK | Q59: =INDEX(Calendario!$B$5:$B$16,MATCH($A59,Calendario!$A$5:$A$16,0)) -> 46314 | R59: =INDEX(Calendario!$C$5:$C$16,MATCH($A59,Calendario!$A$5:$A$16,0)) -> 46327 | S59: =TEXT(Q59,"DD/MM/YYYY")&" - "&TEXT(Q59+1,"DD/MM/YYYY") -> 19/10/YYYY - 20/10/YYYY
A60: 3 | B60: =Alumnos!B12 -> Alumno 11 | O60: =IF(OR($B60=$C60,$B60=$D60,$B60=$E60,$B60=$F60,$B60=$G60),"OK","FALTA") -> FALTA | P60: =IF(OR($H60=$C60,$H60=$D60,$H60=$E60,$H60=$F60,$H60=$G60),"OK","ERROR") -> OK | Q60: =INDEX(Calendario!$B$5:$B$16,MATCH($A60,Calendario!$A$5:$A$16,0)) -> 46314 | R60: =INDEX(Calendario!$C$5:$C$16,MATCH($A60,Calendario!$A$5:$A$16,0)) -> 46327 | S60: =TEXT(Q60,"DD/MM/YYYY")&" - "&TEXT(Q60+1,"DD/MM/YYYY") -> 19/10/YYYY - 20/10/YYYY
A61: 3 | B61: =Alumnos!B13 -> Alumno 12 | O61: =IF(OR($B61=$C61,$B61=$D61,$B61=$E61,$B61=$F61,$B61=$G61),"OK","FALTA") -> FALTA | P61: =IF(OR($H61=$C61,$H61=$D61,$H61=$E61,$H61=$F61,$H61=$G61),"OK","ERROR") -> OK | Q61: =INDEX(Calendario!$B$5:$B$16,MATCH($A61,Calendario!$A$5:$A$16,0)) -> 46314 | R61: =INDEX(Calendario!$C$5:$C$16,MATCH($A61,Calendario!$A$5:$A$16,0)) -> 46327 | S61: =TEXT(Q61,"DD/MM/YYYY")&" - "&TEXT(Q61+1,"DD/MM/YYYY") -> 19/10/YYYY - 20/10/YYYY
... A73: 3 | B73: =Alumnos!B25 -> Alumno 24 | O73: =IF(OR($B73=$C73,$B73=$D73,$B73=$E73,$B73=$F73,$B73=$G73),"OK","FALTA") -> FALTA | P73: =IF(OR($H73=$C73,$H73=$D73,$H73=$E73,$H73=$F73,$H73=$G73),"OK","ERROR") -> OK | Q73: =INDEX(Calendario!$B$5:$B$16,MATCH($A73,Calendario!$A$5:$A$16,0)) -> 46314 | R73: =INDEX(Calendario!$C$5:$C$16,MATCH($A73,Calendario!$A$5:$A$16,0)) -> 46327 | S73: =TEXT(Q73,"DD/MM/YYYY")&" - "&TEXT(Q73+1,"DD/MM/YYYY") -> 19/10/YYYY - 20/10/YYYY
A74: 4 | B74: =Alumnos!B2 -> Alumno 1 | O74: =IF(OR($B74=$C74,$B74=$D74,$B74=$E74,$B74=$F74,$B74=$G74),"OK","FALTA") -> FALTA | P74: =IF(OR($H74=$C74,$H74=$D74,$H74=$E74,$H74=$F74,$H74=$G74),"OK","ERROR") -> OK | Q74: =INDEX(Calendario!$B$5:$B$16,MATCH($A74,Calendario!$A$5:$A$16,0)) -> 46328 | R74: =INDEX(Calendario!$C$5:$C$16,MATCH($A74,Calendario!$A$5:$A$16,0)) -> 46341 | S74: =TEXT(Q74,"DD/MM/YYYY")&" - "&TEXT(Q74+1,"DD/MM/YYYY") -> 02/11/YYYY - 03/11/YYYY
A75: 4 | B75: =Alumnos!B3 -> Alumno 2 | O75: =IF(OR($B75=$C75,$B75=$D75,$B75=$E75,$B75=$F75,$B75=$G75),"OK","FALTA") -> FALTA | P75: =IF(OR($H75=$C75,$H75=$D75,$H75=$E75,$H75=$F75,$H75=$G75),"OK","ERROR") -> OK | Q75: =INDEX(Calendario!$B$5:$B$16,MATCH($A75,Calendario!$A$5:$A$16,0)) -> 46328 | R75: =INDEX(Calendario!$C$5:$C$16,MATCH($A75,Calendario!$A$5:$A$16,0)) -> 46341 | S75: =TEXT(Q75,"DD/MM/YYYY")&" - "&TEXT(Q75+1,"DD/MM/YYYY") -> 02/11/YYYY - 03/11/YYYY
A76: 4 | B76: =Alumnos!B4 -> Alumno 3 | O76: =IF(OR($B76=$C76,$B76=$D76,$B76=$E76,$B76=$F76,$B76=$G76),"OK","FALTA") -> FALTA | P76: =IF(OR($H76=$C76,$H76=$D76,$H76=$E76,$H76=$F76,$H76=$G76),"OK","ERROR") -> OK | Q76: =INDEX(Calendario!$B$5:$B$16,MATCH($A76,Calendario!$A$5:$A$16,0)) -> 46328 | R76: =INDEX(Calendario!$C$5:$C$16,MATCH($A76,Calendario!$A$5:$A$16,0)) -> 46341 | S76: =TEXT(Q76,"DD/MM/YYYY")&" - "&TEXT(Q76+1,"DD/MM/YYYY") -> 02/11/YYYY - 03/11/YYYY
A77: 4 | B77: =Alumnos!B5 -> Alumno 4 | O77: =IF(OR($B77=$C77,$B77=$D77,$B77=$E77,$B77=$F77,$B77=$G77),"OK","FALTA") -> FALTA | P77: =IF(OR($H77=$C77,$H77=$D77,$H77=$E77,$H77=$F77,$H77=$G77),"OK","ERROR") -> OK | Q77: =INDEX(Calendario!$B$5:$B$16,MATCH($A77,Calendario!$A$5:$A$16,0)) -> 46328 | R77: =INDEX(Calendario!$C$5:$C$16,MATCH($A77,Calendario!$A$5:$A$16,0)) -> 46341 | S77: =TEXT(Q77,"DD/MM/YYYY")&" - "&TEXT(Q77+1,"DD/MM/YYYY") -> 02/11/YYYY - 03/11/YYYY
A78: 4 | B78: =Alumnos!B6 -> Alumno 5 | O78: =IF(OR($B78=$C78,$B78=$D78,$B78=$E78,$B78=$F78,$B78=$G78),"OK","FALTA") -> FALTA | P78: =IF(OR($H78=$C78,$H78=$D78,$H78=$E78,$H78=$F78,$H78=$G78),"OK","ERROR") -> OK | Q78: =INDEX(Calendario!$B$5:$B$16,MATCH($A78,Calendario!$A$5:$A$16,0)) -> 46328 | R78: =INDEX(Calendario!$C$5:$C$16,MATCH($A78,Calendario!$A$5:$A$16,0)) -> 46341 | S78: =TEXT(Q78,"DD/MM/YYYY")&" - "&TEXT(Q78+1,"DD/MM/YYYY") -> 02/11/YYYY - 03/11/YYYY
A79: 4 | B79: =Alumnos!B7 -> Alumno 6 | O79: =IF(OR($B79=$C79,$B79=$D79,$B79=$E79,$B79=$F79,$B79=$G79),"OK","FALTA") -> FALTA | P79: =IF(OR($H79=$C79,$H79=$D79,$H79=$E79,$H79=$F79,$H79=$G79),"OK","ERROR") -> OK | Q79: =INDEX(Calendario!$B$5:$B$16,MATCH($A79,Calendario!$A$5:$A$16,0)) -> 46328 | R79: =INDEX(Calendario!$C$5:$C$16,MATCH($A79,Calendario!$A$5:$A$16,0)) -> 46341 | S79: =TEXT(Q79,"DD/MM/YYYY")&" - "&TEXT(Q79+1,"DD/MM/YYYY") -> 02/11/YYYY - 03/11/YYYY
A80: 4 | B80: =Alumnos!B8 -> Alumno 7 | O80: =IF(OR($B80=$C80,$B80=$D80,$B80=$E80,$B80=$F80,$B80=$G80),"OK","FALTA") -> FALTA | P80: =IF(OR($H80=$C80,$H80=$D80,$H80=$E80,$H80=$F80,$H80=$G80),"OK","ERROR") -> OK | Q80: =INDEX(Calendario!$B$5:$B$16,MATCH($A80,Calendario!$A$5:$A$16,0)) -> 46328 | R80: =INDEX(Calendario!$C$5:$C$16,MATCH($A80,Calendario!$A$5:$A$16,0)) -> 46341 | S80: =TEXT(Q80,"DD/MM/YYYY")&" - "&TEXT(Q80+1,"DD/MM/YYYY") -> 02/11/YYYY - 03/11/YYYY
A81: 4 | B81: =Alumnos!B9 -> Alumno 8 | O81: =IF(OR($B81=$C81,$B81=$D81,$B81=$E81,$B81=$F81,$B81=$G81),"OK","FALTA") -> FALTA | P81: =IF(OR($H81=$C81,$H81=$D81,$H81=$E81,$H81=$F81,$H81=$G81),"OK","ERROR") -> OK | Q81: =INDEX(Calendario!$B$5:$B$16,MATCH($A81,Calendario!$A$5:$A$16,0)) -> 46328 | R81: =INDEX(Calendario!$C$5:$C$16,MATCH($A81,Calendario!$A$5:$A$16,0)) -> 46341 | S81: =TEXT(Q81,"DD/MM/YYYY")&" - "&TEXT(Q81+1,"DD/MM/YYYY") -> 02/11/YYYY - 03/11/YYYY
A82: 4 | B82: =Alumnos!B10 -> Alumno 9 | O82: =IF(OR($B82=$C82,$B82=$D82,$B82=$E82,$B82=$F82,$B82=$G82),"OK","FALTA") -> FALTA | P82: =IF(OR($H82=$C82,$H82=$D82,$H82=$E82,$H82=$F82,$H82=$G82),"OK","ERROR") -> OK | Q82: =INDEX(Calendario!$B$5:$B$16,MATCH($A82,Calendario!$A$5:$A$16,0)) -> 46328 | R82: =INDEX(Calendario!$C$5:$C$16,MATCH($A82,Calendario!$A$5:$A$16,0)) -> 46341 | S82: =TEXT(Q82,"DD/MM/YYYY")&" - "&TEXT(Q82+1,"DD/MM/YYYY") -> 02/11/YYYY - 03/11/YYYY
A83: 4 | B83: =Alumnos!B11 -> Alumno 10 | O83: =IF(OR($B83=$C83,$B83=$D83,$B83=$E83,$B83=$F83,$B83=$G83),"OK","FALTA") -> FALTA | P83: =IF(OR($H83=$C83,$H83=$D83,$H83=$E83,$H83=$F83,$H83=$G83),"OK","ERROR") -> OK | Q83: =INDEX(Calendario!$B$5:$B$16,MATCH($A83,Calendario!$A$5:$A$16,0)) -> 46328 | R83: =INDEX(Calendario!$C$5:$C$16,MATCH($A83,Calendario!$A$5:$A$16,0)) -> 46341 | S83: =TEXT(Q83,"DD/MM/YYYY")&" - "&TEXT(Q83+1,"DD/MM/YYYY") -> 02/11/YYYY - 03/11/YYYY
A84: 4 | B84: =Alumnos!B12 -> Alumno 11 | O84: =IF(OR($B84=$C84,$B84=$D84,$B84=$E84,$B84=$F84,$B84=$G84),"OK","FALTA") -> FALTA | P84: =IF(OR($H84=$C84,$H84=$D84,$H84=$E84,$H84=$F84,$H84=$G84),"OK","ERROR") -> OK | Q84: =INDEX(Calendario!$B$5:$B$16,MATCH($A84,Calendario!$A$5:$A$16,0)) -> 46328 | R84: =INDEX(Calendario!$C$5:$C$16,MATCH($A84,Calendario!$A$5:$A$16,0)) -> 46341 | S84: =TEXT(Q84,"DD/MM/YYYY")&" - "&TEXT(Q84+1,"DD/MM/YYYY") -> 02/11/YYYY - 03/11/YYYY
A85: 4 | B85: =Alumnos!B13 -> Alumno 12 | O85: =IF(OR($B85=$C85,$B85=$D85,$B85=$E85,$B85=$F85,$B85=$G85),"OK","FALTA") -> FALTA | P85: =IF(OR($H85=$C85,$H85=$D85,$H85=$E85,$H85=$F85,$H85=$G85),"OK","ERROR") -> OK | Q85: =INDEX(Calendario!$B$5:$B$16,MATCH($A85,Calendario!$A$5:$A$16,0)) -> 46328 | R85: =INDEX(Calendario!$C$5:$C$16,MATCH($A85,Calendario!$A$5:$A$16,0)) -> 46341 | S85: =TEXT(Q85,"DD/MM/YYYY")&" - "&TEXT(Q85+1,"DD/MM/YYYY") -> 02/11/YYYY - 03/11/YYYY
... A97: 4 | B97: =Alumnos!B25 -> Alumno 24 | O97: =IF(OR($B97=$C97,$B97=$D97,$B97=$E97,$B97=$F97,$B97=$G97),"OK","FALTA") -> FALTA | P97: =IF(OR($H97=$C97,$H97=$D97,$H97=$E97,$H97=$F97,$H97=$G97),"OK","ERROR") -> OK | Q97: =INDEX(Calendario!$B$5:$B$16,MATCH($A97,Calendario!$A$5:$A$16,0)) -> 46328 | R97: =INDEX(Calendario!$C$5:$C$16,MATCH($A97,Calendario!$A$5:$A$16,0)) -> 46341 | S97: =TEXT(Q97,"DD/MM/YYYY")&" - "&TEXT(Q97+1,"DD/MM/YYYY") -> 02/11/YYYY - 03/11/YYYY
A98: 5 | B98: =Alumnos!B2 -> Alumno 1 | O98: =IF(OR($B98=$C98,$B98=$D98,$B98=$E98,$B98=$F98,$B98=$G98),"OK","FALTA") -> FALTA | P98: =IF(OR($H98=$C98,$H98=$D98,$H98=$E98,$H98=$F98,$H98=$G98),"OK","ERROR") -> OK | Q98: =INDEX(Calendario!$B$5:$B$16,MATCH($A98,Calendario!$A$5:$A$16,0)) -> 46342 | R98: =INDEX(Calendario!$C$5:$C$16,MATCH($A98,Calendario!$A$5:$A$16,0)) -> 46355 | S98: =TEXT(Q98,"DD/MM/YYYY")&" - "&TEXT(Q98+1,"DD/MM/YYYY") -> 16/11/YYYY - 17/11/YYYY
A99: 5 | B99: =Alumnos!B3 -> Alumno 2 | O99: =IF(OR($B99=$C99,$B99=$D99,$B99=$E99,$B99=$F99,$B99=$G99),"OK","FALTA") -> FALTA | P99: =IF(OR($H99=$C99,$H99=$D99,$H99=$E99,$H99=$F99,$H99=$G99),"OK","ERROR") -> OK | Q99: =INDEX(Calendario!$B$5:$B$16,MATCH($A99,Calendario!$A$5:$A$16,0)) -> 46342 | R99: =INDEX(Calendario!$C$5:$C$16,MATCH($A99,Calendario!$A$5:$A$16,0)) -> 46355 | S99: =TEXT(Q99,"DD/MM/YYYY")&" - "&TEXT(Q99+1,"DD/MM/YYYY") -> 16/11/YYYY - 17/11/YYYY
A100: 5 | B100: =Alumnos!B4 -> Alumno 3 | O100: =IF(OR($B100=$C100,$B100=$D100,$B100=$E100,$B100=$F100,$B100=$G100),"OK","FALTA") -> FALTA | P100: =IF(OR($H100=$C100,$H100=$D100,$H100=$E100,$H100=$F100,$H100=$G100),"OK","ERROR") -> OK | Q100: =INDEX(Calendario!$B$5:$B$16,MATCH($A100,Calendario!$A$5:$A$16,0)) -> 46342 | R100: =INDEX(Calendario!$C$5:$C$16,MATCH($A100,Calendario!$A$5:$A$16,0)) -> 46355 | S100: =TEXT(Q100,"DD/MM/YYYY")&" - "&TEXT(Q100+1,"DD/MM/YYYY") -> 16/11/YYYY - 17/11/YYYY
A101: 5 | B101: =Alumnos!B5 -> Alumno 4 | O101: =IF(OR($B101=$C101,$B101=$D101,$B101=$E101,$B101=$F101,$B101=$G101),"OK","FALTA") -> FALTA | P101: =IF(OR($H101=$C101,$H101=$D101,$H101=$E101,$H101=$F101,$H101=$G101),"OK","ERROR") -> OK | Q101: =INDEX(Calendario!$B$5:$B$16,MATCH($A101,Calendario!$A$5:$A$16,0)) -> 46342 | R101: =INDEX(Calendario!$C$5:$C$16,MATCH($A101,Calendario!$A$5:$A$16,0)) -> 46355 | S101: =TEXT(Q101,"DD/MM/YYYY")&" - "&TEXT(Q101+1,"DD/MM/YYYY") -> 16/11/YYYY - 17/11/YYYY
A102: 5 | B102: =Alumnos!B6 -> Alumno 5 | O102: =IF(OR($B102=$C102,$B102=$D102,$B102=$E102,$B102=$F102,$B102=$G102),"OK","FALTA") -> FALTA | P102: =IF(OR($H102=$C102,$H102=$D102,$H102=$E102,$H102=$F102,$H102=$G102),"OK","ERROR") -> OK | Q102: =INDEX(Calendario!$B$5:$B$16,MATCH($A102,Calendario!$A$5:$A$16,0)) -> 46342 | R102: =INDEX(Calendario!$C$5:$C$16,MATCH($A102,Calendario!$A$5:$A$16,0)) -> 46355 | S102: =TEXT(Q102,"DD/MM/YYYY")&" - "&TEXT(Q102+1,"DD/MM/YYYY") -> 16/11/YYYY - 17/11/YYYY
A103: 5 | B103: =Alumnos!B7 -> Alumno 6 | O103: =IF(OR($B103=$C103,$B103=$D103,$B103=$E103,$B103=$F103,$B103=$G103),"OK","FALTA") -> FALTA | P103: =IF(OR($H103=$C103,$H103=$D103,$H103=$E103,$H103=$F103,$H103=$G103),"OK","ERROR") -> OK | Q103: =INDEX(Calendario!$B$5:$B$16,MATCH($A103,Calendario!$A$5:$A$16,0)) -> 46342 | R103: =INDEX(Calendario!$C$5:$C$16,MATCH($A103,Calendario!$A$5:$A$16,0)) -> 46355 | S103: =TEXT(Q103,"DD/MM/YYYY")&" - "&TEXT(Q103+1,"DD/MM/YYYY") -> 16/11/YYYY - 17/11/YYYY
A104: 5 | B104: =Alumnos!B8 -> Alumno 7 | O104: =IF(OR($B104=$C104,$B104=$D104,$B104=$E104,$B104=$F104,$B104=$G104),"OK","FALTA") -> FALTA | P104: =IF(OR($H104=$C104,$H104=$D104,$H104=$E104,$H104=$F104,$H104=$G104),"OK","ERROR") -> OK | Q104: =INDEX(Calendario!$B$5:$B$16,MATCH($A104,Calendario!$A$5:$A$16,0)) -> 46342 | R104: =INDEX(Calendario!$C$5:$C$16,MATCH($A104,Calendario!$A$5:$A$16,0)) -> 46355 | S104: =TEXT(Q104,"DD/MM/YYYY")&" - "&TEXT(Q104+1,"DD/MM/YYYY") -> 16/11/YYYY - 17/11/YYYY
A105: 5 | B105: =Alumnos!B9 -> Alumno 8 | O105: =IF(OR($B105=$C105,$B105=$D105,$B105=$E105,$B105=$F105,$B105=$G105),"OK","FALTA") -> FALTA | P105: =IF(OR($H105=$C105,$H105=$D105,$H105=$E105,$H105=$F105,$H105=$G105),"OK","ERROR") -> OK | Q105: =INDEX(Calendario!$B$5:$B$16,MATCH($A105,Calendario!$A$5:$A$16,0)) -> 46342 | R105: =INDEX(Calendario!$C$5:$C$16,MATCH($A105,Calendario!$A$5:$A$16,0)) -> 46355 | S105: =TEXT(Q105,"DD/MM/YYYY")&" - "&TEXT(Q105+1,"DD/MM/YYYY") -> 16/11/YYYY - 17/11/YYYY
A106: 5 | B106: =Alumnos!B10 -> Alumno 9 | O106: =IF(OR($B106=$C106,$B106=$D106,$B106=$E106,$B106=$F106,$B106=$G106),"OK","FALTA") -> FALTA | P106: =IF(OR($H106=$C106,$H106=$D106,$H106=$E106,$H106=$F106,$H106=$G106),"OK","ERROR") -> OK | Q106: =INDEX(Calendario!$B$5:$B$16,MATCH($A106,Calendario!$A$5:$A$16,0)) -> 46342 | R106: =INDEX(Calendario!$C$5:$C$16,MATCH($A106,Calendario!$A$5:$A$16,0)) -> 46355 | S106: =TEXT(Q106,"DD/MM/YYYY")&" - "&TEXT(Q106+1,"DD/MM/YYYY") -> 16/11/YYYY - 17/11/YYYY
A107: 5 | B107: =Alumnos!B11 -> Alumno 10 | O107: =IF(OR($B107=$C107,$B107=$D107,$B107=$E107,$B107=$F107,$B107=$G107),"OK","FALTA") -> FALTA | P107: =IF(OR($H107=$C107,$H107=$D107,$H107=$E107,$H107=$F107,$H107=$G107),"OK","ERROR") -> OK | Q107: =INDEX(Calendario!$B$5:$B$16,MATCH($A107,Calendario!$A$5:$A$16,0)) -> 46342 | R107: =INDEX(Calendario!$C$5:$C$16,MATCH($A107,Calendario!$A$5:$A$16,0)) -> 46355 | S107: =TEXT(Q107,"DD/MM/YYYY")&" - "&TEXT(Q107+1,"DD/MM/YYYY") -> 16/11/YYYY - 17/11/YYYY
A108: 5 | B108: =Alumnos!B12 -> Alumno 11 | O108: =IF(OR($B108=$C108,$B108=$D108,$B108=$E108,$B108=$F108,$B108=$G108),"OK","FALTA") -> FALTA | P108: =IF(OR($H108=$C108,$H108=$D108,$H108=$E108,$H108=$F108,$H108=$G108),"OK","ERROR") -> OK | Q108: =INDEX(Calendario!$B$5:$B$16,MATCH($A108,Calendario!$A$5:$A$16,0)) -> 46342 | R108: =INDEX(Calendario!$C$5:$C$16,MATCH($A108,Calendario!$A$5:$A$16,0)) -> 46355 | S108: =TEXT(Q108,"DD/MM/YYYY")&" - "&TEXT(Q108+1,"DD/MM/YYYY") -> 16/11/YYYY - 17/11/YYYY
A109: 5 | B109: =Alumnos!B13 -> Alumno 12 | O109: =IF(OR($B109=$C109,$B109=$D109,$B109=$E109,$B109=$F109,$B109=$G109),"OK","FALTA") -> FALTA | P109: =IF(OR($H109=$C109,$H109=$D109,$H109=$E109,$H109=$F109,$H109=$G109),"OK","ERROR") -> OK | Q109: =INDEX(Calendario!$B$5:$B$16,MATCH($A109,Calendario!$A$5:$A$16,0)) -> 46342 | R109: =INDEX(Calendario!$C$5:$C$16,MATCH($A109,Calendario!$A$5:$A$16,0)) -> 46355 | S109: =TEXT(Q109,"DD/MM/YYYY")&" - "&TEXT(Q109+1,"DD/MM/YYYY") -> 16/11/YYYY - 17/11/YYYY
... A121: 5 | B121: =Alumnos!B25 -> Alumno 24 | O121: =IF(OR($B121=$C121,$B121=$D121,$B121=$E121,$B121=$F121,$B121=$G121),"OK","FALTA") -> FALTA | P121: =IF(OR($H121=$C121,$H121=$D121,$H121=$E121,$H121=$F121,$H121=$G121),"OK","ERROR") -> OK | Q121: =INDEX(Calendario!$B$5:$B$16,MATCH($A121,Calendario!$A$5:$A$16,0)) -> 46342 | R121: =INDEX(Calendario!$C$5:$C$16,MATCH($A121,Calendario!$A$5:$A$16,0)) -> 46355 | S121: =TEXT(Q121,"DD/MM/YYYY")&" - "&TEXT(Q121+1,"DD/MM/YYYY") -> 16/11/YYYY - 17/11/YYYY
A122: 6 | B122: =Alumnos!B2 -> Alumno 1 | O122: =IF(OR($B122=$C122,$B122=$D122,$B122=$E122,$B122=$F122,$B122=$G122),"OK","FALTA") -> FALTA | P122: =IF(OR($H122=$C122,$H122=$D122,$H122=$E122,$H122=$F122,$H122=$G122),"OK","ERROR") -> OK | Q122: =INDEX(Calendario!$B$5:$B$16,MATCH($A122,Calendario!$A$5:$A$16,0)) -> 46356 | R122: =INDEX(Calendario!$C$5:$C$16,MATCH($A122,Calendario!$A$5:$A$16,0)) -> 46369 | S122: =TEXT(Q122,"DD/MM/YYYY")&" - "&TEXT(Q122+1,"DD/MM/YYYY") -> 30/11/YYYY - 01/12/YYYY
A123: 6 | B123: =Alumnos!B3 -> Alumno 2 | O123: =IF(OR($B123=$C123,$B123=$D123,$B123=$E123,$B123=$F123,$B123=$G123),"OK","FALTA") -> FALTA | P123: =IF(OR($H123=$C123,$H123=$D123,$H123=$E123,$H123=$F123,$H123=$G123),"OK","ERROR") -> OK | Q123: =INDEX(Calendario!$B$5:$B$16,MATCH($A123,Calendario!$A$5:$A$16,0)) -> 46356 | R123: =INDEX(Calendario!$C$5:$C$16,MATCH($A123,Calendario!$A$5:$A$16,0)) -> 46369 | S123: =TEXT(Q123,"DD/MM/YYYY")&" - "&TEXT(Q123+1,"DD/MM/YYYY") -> 30/11/YYYY - 01/12/YYYY
A124: 6 | B124: =Alumnos!B4 -> Alumno 3 | O124: =IF(OR($B124=$C124,$B124=$D124,$B124=$E124,$B124=$F124,$B124=$G124),"OK","FALTA") -> FALTA | P124: =IF(OR($H124=$C124,$H124=$D124,$H124=$E124,$H124=$F124,$H124=$G124),"OK","ERROR") -> OK | Q124: =INDEX(Calendario!$B$5:$B$16,MATCH($A124,Calendario!$A$5:$A$16,0)) -> 46356 | R124: =INDEX(Calendario!$C$5:$C$16,MATCH($A124,Calendario!$A$5:$A$16,0)) -> 46369 | S124: =TEXT(Q124,"DD/MM/YYYY")&" - "&TEXT(Q124+1,"DD/MM/YYYY") -> 30/11/YYYY - 01/12/YYYY
A125: 6 | B125: =Alumnos!B5 -> Alumno 4 | O125: =IF(OR($B125=$C125,$B125=$D125,$B125=$E125,$B125=$F125,$B125=$G125),"OK","FALTA") -> FALTA | P125: =IF(OR($H125=$C125,$H125=$D125,$H125=$E125,$H125=$F125,$H125=$G125),"OK","ERROR") -> OK | Q125: =INDEX(Calendario!$B$5:$B$16,MATCH($A125,Calendario!$A$5:$A$16,0)) -> 46356 | R125: =INDEX(Calendario!$C$5:$C$16,MATCH($A125,Calendario!$A$5:$A$16,0)) -> 46369 | S125: =TEXT(Q125,"DD/MM/YYYY")&" - "&TEXT(Q125+1,"DD/MM/YYYY") -> 30/11/YYYY - 01/12/YYYY
A126: 6 | B126: =Alumnos!B6 -> Alumno 5 | O126: =IF(OR($B126=$C126,$B126=$D126,$B126=$E126,$B126=$F126,$B126=$G126),"OK","FALTA") -> FALTA | P126: =IF(OR($H126=$C126,$H126=$D126,$H126=$E126,$H126=$F126,$H126=$G126),"OK","ERROR") -> OK | Q126: =INDEX(Calendario!$B$5:$B$16,MATCH($A126,Calendario!$A$5:$A$16,0)) -> 46356 | R126: =INDEX(Calendario!$C$5:$C$16,MATCH($A126,Calendario!$A$5:$A$16,0)) -> 46369 | S126: =TEXT(Q126,"DD/MM/YYYY")&" - "&TEXT(Q126+1,"DD/MM/YYYY") -> 30/11/YYYY - 01/12/YYYY
A127: 6 | B127: =Alumnos!B7 -> Alumno 6 | O127: =IF(OR($B127=$C127,$B127=$D127,$B127=$E127,$B127=$F127,$B127=$G127),"OK","FALTA") -> FALTA | P127: =IF(OR($H127=$C127,$H127=$D127,$H127=$E127,$H127=$F127,$H127=$G127),"OK","ERROR") -> OK | Q127: =INDEX(Calendario!$B$5:$B$16,MATCH($A127,Calendario!$A$5:$A$16,0)) -> 46356 | R127: =INDEX(Calendario!$C$5:$C$16,MATCH($A127,Calendario!$A$5:$A$16,0)) -> 46369 | S127: =TEXT(Q127,"DD/MM/YYYY")&" - "&TEXT(Q127+1,"DD/MM/YYYY") -> 30/11/YYYY - 01/12/YYYY
A128: 6 | B128: =Alumnos!B8 -> Alumno 7 | O128: =IF(OR($B128=$C128,$B128=$D128,$B128=$E128,$B128=$F128,$B128=$G128),"OK","FALTA") -> FALTA | P128: =IF(OR($H128=$C128,$H128=$D128,$H128=$E128,$H128=$F128,$H128=$G128),"OK","ERROR") -> OK | Q128: =INDEX(Calendario!$B$5:$B$16,MATCH($A128,Calendario!$A$5:$A$16,0)) -> 46356 | R128: =INDEX(Calendario!$C$5:$C$16,MATCH($A128,Calendario!$A$5:$A$16,0)) -> 46369 | S128: =TEXT(Q128,"DD/MM/YYYY")&" - "&TEXT(Q128+1,"DD/MM/YYYY") -> 30/11/YYYY - 01/12/YYYY
A129: 6 | B129: =Alumnos!B9 -> Alumno 8 | O129: =IF(OR($B129=$C129,$B129=$D129,$B129=$E129,$B129=$F129,$B129=$G129),"OK","FALTA") -> FALTA | P129: =IF(OR($H129=$C129,$H129=$D129,$H129=$E129,$H129=$F129,$H129=$G129),"OK","ERROR") -> OK | Q129: =INDEX(Calendario!$B$5:$B$16,MATCH($A129,Calendario!$A$5:$A$16,0)) -> 46356 | R129: =INDEX(Calendario!$C$5:$C$16,MATCH($A129,Calendario!$A$5:$A$16,0)) -> 46369 | S129: =TEXT(Q129,"DD/MM/YYYY")&" - "&TEXT(Q129+1,"DD/MM/YYYY") -> 30/11/YYYY - 01/12/YYYY
A130: 6 | B130: =Alumnos!B10 -> Alumno 9 | O130: =IF(OR($B130=$C130,$B130=$D130,$B130=$E130,$B130=$F130,$B130=$G130),"OK","FALTA") -> FALTA | P130: =IF(OR($H130=$C130,$H130=$D130,$H130=$E130,$H130=$F130,$H130=$G130),"OK","ERROR") -> OK | Q130: =INDEX(Calendario!$B$5:$B$16,MATCH($A130,Calendario!$A$5:$A$16,0)) -> 46356 | R130: =INDEX(Calendario!$C$5:$C$16,MATCH($A130,Calendario!$A$5:$A$16,0)) -> 46369 | S130: =TEXT(Q130,"DD/MM/YYYY")&" - "&TEXT(Q130+1,"DD/MM/YYYY") -> 30/11/YYYY - 01/12/YYYY
A131: 6 | B131: =Alumnos!B11 -> Alumno 10 | O131: =IF(OR($B131=$C131,$B131=$D131,$B131=$E131,$B131=$F131,$B131=$G131),"OK","FALTA") -> FALTA | P131: =IF(OR($H131=$C131,$H131=$D131,$H131=$E131,$H131=$F131,$H131=$G131),"OK","ERROR") -> OK | Q131: =INDEX(Calendario!$B$5:$B$16,MATCH($A131,Calendario!$A$5:$A$16,0)) -> 46356 | R131: =INDEX(Calendario!$C$5:$C$16,MATCH($A131,Calendario!$A$5:$A$16,0)) -> 46369 | S131: =TEXT(Q131,"DD/MM/YYYY")&" - "&TEXT(Q131+1,"DD/MM/YYYY") -> 30/11/YYYY - 01/12/YYYY
A132: 6 | B132: =Alumnos!B12 -> Alumno 11 | O132: =IF(OR($B132=$C132,$B132=$D132,$B132=$E132,$B132=$F132,$B132=$G132),"OK","FALTA") -> FALTA | P132: =IF(OR($H132=$C132,$H132=$D132,$H132=$E132,$H132=$F132,$H132=$G132),"OK","ERROR") -> OK | Q132: =INDEX(Calendario!$B$5:$B$16,MATCH($A132,Calendario!$A$5:$A$16,0)) -> 46356 | R132: =INDEX(Calendario!$C$5:$C$16,MATCH($A132,Calendario!$A$5:$A$16,0)) -> 46369 | S132: =TEXT(Q132,"DD/MM/YYYY")&" - "&TEXT(Q132+1,"DD/MM/YYYY") -> 30/11/YYYY - 01/12/YYYY
A133: 6 | B133: =Alumnos!B13 -> Alumno 12 | O133: =IF(OR($B133=$C133,$B133=$D133,$B133=$E133,$B133=$F133,$B133=$G133),"OK","FALTA") -> FALTA | P133: =IF(OR($H133=$C133,$H133=$D133,$H133=$E133,$H133=$F133,$H133=$G133),"OK","ERROR") -> OK | Q133: =INDEX(Calendario!$B$5:$B$16,MATCH($A133,Calendario!$A$5:$A$16,0)) -> 46356 | R133: =INDEX(Calendario!$C$5:$C$16,MATCH($A133,Calendario!$A$5:$A$16,0)) -> 46369 | S133: =TEXT(Q133,"DD/MM/YYYY")&" - "&TEXT(Q133+1,"DD/MM/YYYY") -> 30/11/YYYY - 01/12/YYYY
... A145: 6 | B145: =Alumnos!B25 -> Alumno 24 | O145: =IF(OR($B145=$C145,$B145=$D145,$B145=$E145,$B145=$F145,$B145=$G145),"OK","FALTA") -> FALTA | P145: =IF(OR($H145=$C145,$H145=$D145,$H145=$E145,$H145=$F145,$H145=$G145),"OK","ERROR") -> OK | Q145: =INDEX(Calendario!$B$5:$B$16,MATCH($A145,Calendario!$A$5:$A$16,0)) -> 46356 | R145: =INDEX(Calendario!$C$5:$C$16,MATCH($A145,Calendario!$A$5:$A$16,0)) -> 46369 | S145: =TEXT(Q145,"DD/MM/YYYY")&" - "&TEXT(Q145+1,"DD/MM/YYYY") -> 30/11/YYYY - 01/12/YYYY
A146: 7 | B146: =Alumnos!B2 -> Alumno 1 | O146: =IF(OR($B146=$C146,$B146=$D146,$B146=$E146,$B146=$F146,$B146=$G146),"OK","FALTA") -> FALTA | P146: =IF(OR($H146=$C146,$H146=$D146,$H146=$E146,$H146=$F146,$H146=$G146),"OK","ERROR") -> OK | Q146: =INDEX(Calendario!$B$5:$B$16,MATCH($A146,Calendario!$A$5:$A$16,0)) -> 46370 | R146: =INDEX(Calendario!$C$5:$C$16,MATCH($A146,Calendario!$A$5:$A$16,0)) -> 46383 | S146: =TEXT(Q146,"DD/MM/YYYY")&" - "&TEXT(Q146+1,"DD/MM/YYYY") -> 14/12/YYYY - 15/12/YYYY
A147: 7 | B147: =Alumnos!B3 -> Alumno 2 | O147: =IF(OR($B147=$C147,$B147=$D147,$B147=$E147,$B147=$F147,$B147=$G147),"OK","FALTA") -> FALTA | P147: =IF(OR($H147=$C147,$H147=$D147,$H147=$E147,$H147=$F147,$H147=$G147),"OK","ERROR") -> OK | Q147: =INDEX(Calendario!$B$5:$B$16,MATCH($A147,Calendario!$A$5:$A$16,0)) -> 46370 | R147: =INDEX(Calendario!$C$5:$C$16,MATCH($A147,Calendario!$A$5:$A$16,0)) -> 46383 | S147: =TEXT(Q147,"DD/MM/YYYY")&" - "&TEXT(Q147+1,"DD/MM/YYYY") -> 14/12/YYYY - 15/12/YYYY
A148: 7 | B148: =Alumnos!B4 -> Alumno 3 | O148: =IF(OR($B148=$C148,$B148=$D148,$B148=$E148,$B148=$F148,$B148=$G148),"OK","FALTA") -> FALTA | P148: =IF(OR($H148=$C148,$H148=$D148,$H148=$E148,$H148=$F148,$H148=$G148),"OK","ERROR") -> OK | Q148: =INDEX(Calendario!$B$5:$B$16,MATCH($A148,Calendario!$A$5:$A$16,0)) -> 46370 | R148: =INDEX(Calendario!$C$5:$C$16,MATCH($A148,Calendario!$A$5:$A$16,0)) -> 46383 | S148: =TEXT(Q148,"DD/MM/YYYY")&" - "&TEXT(Q148+1,"DD/MM/YYYY") -> 14/12/YYYY - 15/12/YYYY
A149: 7 | B149: =Alumnos!B5 -> Alumno 4 | O149: =IF(OR($B149=$C149,$B149=$D149,$B149=$E149,$B149=$F149,$B149=$G149),"OK","FALTA") -> FALTA | P149: =IF(OR($H149=$C149,$H149=$D149,$H149=$E149,$H149=$F149,$H149=$G149),"OK","ERROR") -> OK | Q149: =INDEX(Calendario!$B$5:$B$16,MATCH($A149,Calendario!$A$5:$A$16,0)) -> 46370 | R149: =INDEX(Calendario!$C$5:$C$16,MATCH($A149,Calendario!$A$5:$A$16,0)) -> 46383 | S149: =TEXT(Q149,"DD/MM/YYYY")&" - "&TEXT(Q149+1,"DD/MM/YYYY") -> 14/12/YYYY - 15/12/YYYY
A150: 7 | B150: =Alumnos!B6 -> Alumno 5 | O150: =IF(OR($B150=$C150,$B150=$D150,$B150=$E150,$B150=$F150,$B150=$G150),"OK","FALTA") -> FALTA | P150: =IF(OR($H150=$C150,$H150=$D150,$H150=$E150,$H150=$F150,$H150=$G150),"OK","ERROR") -> OK | Q150: =INDEX(Calendario!$B$5:$B$16,MATCH($A150,Calendario!$A$5:$A$16,0)) -> 46370 | R150: =INDEX(Calendario!$C$5:$C$16,MATCH($A150,Calendario!$A$5:$A$16,0)) -> 46383 | S150: =TEXT(Q150,"DD/MM/YYYY")&" - "&TEXT(Q150+1,"DD/MM/YYYY") -> 14/12/YYYY - 15/12/YYYY
A151: 7 | B151: =Alumnos!B7 -> Alumno 6 | O151: =IF(OR($B151=$C151,$B151=$D151,$B151=$E151,$B151=$F151,$B151=$G151),"OK","FALTA") -> FALTA | P151: =IF(OR($H151=$C151,$H151=$D151,$H151=$E151,$H151=$F151,$H151=$G151),"OK","ERROR") -> OK | Q151: =INDEX(Calendario!$B$5:$B$16,MATCH($A151,Calendario!$A$5:$A$16,0)) -> 46370 | R151: =INDEX(Calendario!$C$5:$C$16,MATCH($A151,Calendario!$A$5:$A$16,0)) -> 46383 | S151: =TEXT(Q151,"DD/MM/YYYY")&" - "&TEXT(Q151+1,"DD/MM/YYYY") -> 14/12/YYYY - 15/12/YYYY
A152: 7 | B152: =Alumnos!B8 -> Alumno 7 | O152: =IF(OR($B152=$C152,$B152=$D152,$B152=$E152,$B152=$F152,$B152=$G152),"OK","FALTA") -> FALTA | P152: =IF(OR($H152=$C152,$H152=$D152,$H152=$E152,$H152=$F152,$H152=$G152),"OK","ERROR") -> OK | Q152: =INDEX(Calendario!$B$5:$B$16,MATCH($A152,Calendario!$A$5:$A$16,0)) -> 46370 | R152: =INDEX(Calendario!$C$5:$C$16,MATCH($A152,Calendario!$A$5:$A$16,0)) -> 46383 | S152: =TEXT(Q152,"DD/MM/YYYY")&" - "&TEXT(Q152+1,"DD/MM/YYYY") -> 14/12/YYYY - 15/12/YYYY
A153: 7 | B153: =Alumnos!B9 -> Alumno 8 | O153: =IF(OR($B153=$C153,$B153=$D153,$B153=$E153,$B153=$F153,$B153=$G153),"OK","FALTA") -> FALTA | P153: =IF(OR($H153=$C153,$H153=$D153,$H153=$E153,$H153=$F153,$H153=$G153),"OK","ERROR") -> OK | Q153: =INDEX(Calendario!$B$5:$B$16,MATCH($A153,Calendario!$A$5:$A$16,0)) -> 46370 | R153: =INDEX(Calendario!$C$5:$C$16,MATCH($A153,Calendario!$A$5:$A$16,0)) -> 46383 | S153: =TEXT(Q153,"DD/MM/YYYY")&" - "&TEXT(Q153+1,"DD/MM/YYYY") -> 14/12/YYYY - 15/12/YYYY
A154: 7 | B154: =Alumnos!B10 -> Alumno 9 | O154: =IF(OR($B154=$C154,$B154=$D154,$B154=$E154,$B154=$F154,$B154=$G154),"OK","FALTA") -> FALTA | P154: =IF(OR($H154=$C154,$H154=$D154,$H154=$E154,$H154=$F154,$H154=$G154),"OK","ERROR") -> OK | Q154: =INDEX(Calendario!$B$5:$B$16,MATCH($A154,Calendario!$A$5:$A$16,0)) -> 46370 | R154: =INDEX(Calendario!$C$5:$C$16,MATCH($A154,Calendario!$A$5:$A$16,0)) -> 46383 | S154: =TEXT(Q154,"DD/MM/YYYY")&" - "&TEXT(Q154+1,"DD/MM/YYYY") -> 14/12/YYYY - 15/12/YYYY
A155: 7 | B155: =Alumnos!B11 -> Alumno 10 | O155: =IF(OR($B155=$C155,$B155=$D155,$B155=$E155,$B155=$F155,$B155=$G155),"OK","FALTA") -> FALTA | P155: =IF(OR($H155=$C155,$H155=$D155,$H155=$E155,$H155=$F155,$H155=$G155),"OK","ERROR") -> OK | Q155: =INDEX(Calendario!$B$5:$B$16,MATCH($A155,Calendario!$A$5:$A$16,0)) -> 46370 | R155: =INDEX(Calendario!$C$5:$C$16,MATCH($A155,Calendario!$A$5:$A$16,0)) -> 46383 | S155: =TEXT(Q155,"DD/MM/YYYY")&" - "&TEXT(Q155+1,"DD/MM/YYYY") -> 14/12/YYYY - 15/12/YYYY
A156: 7 | B156: =Alumnos!B12 -> Alumno 11 | O156: =IF(OR($B156=$C156,$B156=$D156,$B156=$E156,$B156=$F156,$B156=$G156),"OK","FALTA") -> FALTA | P156: =IF(OR($H156=$C156,$H156=$D156,$H156=$E156,$H156=$F156,$H156=$G156),"OK","ERROR") -> OK | Q156: =INDEX(Calendario!$B$5:$B$16,MATCH($A156,Calendario!$A$5:$A$16,0)) -> 46370 | R156: =INDEX(Calendario!$C$5:$C$16,MATCH($A156,Calendario!$A$5:$A$16,0)) -> 46383 | S156: =TEXT(Q156,"DD/MM/YYYY")&" - "&TEXT(Q156+1,"DD/MM/YYYY") -> 14/12/YYYY - 15/12/YYYY
A157: 7 | B157: =Alumnos!B13 -> Alumno 12 | O157: =IF(OR($B157=$C157,$B157=$D157,$B157=$E157,$B157=$F157,$B157=$G157),"OK","FALTA") -> FALTA | P157: =IF(OR($H157=$C157,$H157=$D157,$H157=$E157,$H157=$F157,$H157=$G157),"OK","ERROR") -> OK | Q157: =INDEX(Calendario!$B$5:$B$16,MATCH($A157,Calendario!$A$5:$A$16,0)) -> 46370 | R157: =INDEX(Calendario!$C$5:$C$16,MATCH($A157,Calendario!$A$5:$A$16,0)) -> 46383 | S157: =TEXT(Q157,"DD/MM/YYYY")&" - "&TEXT(Q157+1,"DD/MM/YYYY") -> 14/12/YYYY - 15/12/YYYY
... A169: 7 | B169: =Alumnos!B25 -> Alumno 24 | O169: =IF(OR($B169=$C169,$B169=$D169,$B169=$E169,$B169=$F169,$B169=$G169),"OK","FALTA") -> FALTA | P169: =IF(OR($H169=$C169,$H169=$D169,$H169=$E169,$H169=$F169,$H169=$G169),"OK","ERROR") -> OK | Q169: =INDEX(Calendario!$B$5:$B$16,MATCH($A169,Calendario!$A$5:$A$16,0)) -> 46370 | R169: =INDEX(Calendario!$C$5:$C$16,MATCH($A169,Calendario!$A$5:$A$16,0)) -> 46383 | S169: =TEXT(Q169,"DD/MM/YYYY")&" - "&TEXT(Q169+1,"DD/MM/YYYY") -> 14/12/YYYY - 15/12/YYYY
A170: 8 | B170: =Alumnos!B2 -> Alumno 1 | O170: =IF(OR($B170=$C170,$B170=$D170,$B170=$E170,$B170=$F170,$B170=$G170),"OK","FALTA") -> FALTA | P170: =IF(OR($H170=$C170,$H170=$D170,$H170=$E170,$H170=$F170,$H170=$G170),"OK","ERROR") -> OK | Q170: =INDEX(Calendario!$B$5:$B$16,MATCH($A170,Calendario!$A$5:$A$16,0)) -> 46384 | R170: =INDEX(Calendario!$C$5:$C$16,MATCH($A170,Calendario!$A$5:$A$16,0)) -> 46397 | S170: =TEXT(Q170,"DD/MM/YYYY")&" - "&TEXT(Q170+1,"DD/MM/YYYY") -> 28/12/YYYY - 29/12/YYYY
A171: 8 | B171: =Alumnos!B3 -> Alumno 2 | O171: =IF(OR($B171=$C171,$B171=$D171,$B171=$E171,$B171=$F171,$B171=$G171),"OK","FALTA") -> FALTA | P171: =IF(OR($H171=$C171,$H171=$D171,$H171=$E171,$H171=$F171,$H171=$G171),"OK","ERROR") -> OK | Q171: =INDEX(Calendario!$B$5:$B$16,MATCH($A171,Calendario!$A$5:$A$16,0)) -> 46384 | R171: =INDEX(Calendario!$C$5:$C$16,MATCH($A171,Calendario!$A$5:$A$16,0)) -> 46397 | S171: =TEXT(Q171,"DD/MM/YYYY")&" - "&TEXT(Q171+1,"DD/MM/YYYY") -> 28/12/YYYY - 29/12/YYYY
A172: 8 | B172: =Alumnos!B4 -> Alumno 3 | O172: =IF(OR($B172=$C172,$B172=$D172,$B172=$E172,$B172=$F172,$B172=$G172),"OK","FALTA") -> FALTA | P172: =IF(OR($H172=$C172,$H172=$D172,$H172=$E172,$H172=$F172,$H172=$G172),"OK","ERROR") -> OK | Q172: =INDEX(Calendario!$B$5:$B$16,MATCH($A172,Calendario!$A$5:$A$16,0)) -> 46384 | R172: =INDEX(Calendario!$C$5:$C$16,MATCH($A172,Calendario!$A$5:$A$16,0)) -> 46397 | S172: =TEXT(Q172,"DD/MM/YYYY")&" - "&TEXT(Q172+1,"DD/MM/YYYY") -> 28/12/YYYY - 29/12/YYYY
A173: 8 | B173: =Alumnos!B5 -> Alumno 4 | O173: =IF(OR($B173=$C173,$B173=$D173,$B173=$E173,$B173=$F173,$B173=$G173),"OK","FALTA") -> FALTA | P173: =IF(OR($H173=$C173,$H173=$D173,$H173=$E173,$H173=$F173,$H173=$G173),"OK","ERROR") -> OK | Q173: =INDEX(Calendario!$B$5:$B$16,MATCH($A173,Calendario!$A$5:$A$16,0)) -> 46384 | R173: =INDEX(Calendario!$C$5:$C$16,MATCH($A173,Calendario!$A$5:$A$16,0)) -> 46397 | S173: =TEXT(Q173,"DD/MM/YYYY")&" - "&TEXT(Q173+1,"DD/MM/YYYY") -> 28/12/YYYY - 29/12/YYYY
A174: 8 | B174: =Alumnos!B6 -> Alumno 5 | O174: =IF(OR($B174=$C174,$B174=$D174,$B174=$E174,$B174=$F174,$B174=$G174),"OK","FALTA") -> FALTA | P174: =IF(OR($H174=$C174,$H174=$D174,$H174=$E174,$H174=$F174,$H174=$G174),"OK","ERROR") -> OK | Q174: =INDEX(Calendario!$B$5:$B$16,MATCH($A174,Calendario!$A$5:$A$16,0)) -> 46384 | R174: =INDEX(Calendario!$C$5:$C$16,MATCH($A174,Calendario!$A$5:$A$16,0)) -> 46397 | S174: =TEXT(Q174,"DD/MM/YYYY")&" - "&TEXT(Q174+1,"DD/MM/YYYY") -> 28/12/YYYY - 29/12/YYYY
A175: 8 | B175: =Alumnos!B7 -> Alumno 6 | O175: =IF(OR($B175=$C175,$B175=$D175,$B175=$E175,$B175=$F175,$B175=$G175),"OK","FALTA") -> FALTA | P175: =IF(OR($H175=$C175,$H175=$D175,$H175=$E175,$H175=$F175,$H175=$G175),"OK","ERROR") -> OK | Q175: =INDEX(Calendario!$B$5:$B$16,MATCH($A175,Calendario!$A$5:$A$16,0)) -> 46384 | R175: =INDEX(Calendario!$C$5:$C$16,MATCH($A175,Calendario!$A$5:$A$16,0)) -> 46397 | S175: =TEXT(Q175,"DD/MM/YYYY")&" - "&TEXT(Q175+1,"DD/MM/YYYY") -> 28/12/YYYY - 29/12/YYYY
A176: 8 | B176: =Alumnos!B8 -> Alumno 7 | O176: =IF(OR($B176=$C176,$B176=$D176,$B176=$E176,$B176=$F176,$B176=$G176),"OK","FALTA") -> FALTA | P176: =IF(OR($H176=$C176,$H176=$D176,$H176=$E176,$H176=$F176,$H176=$G176),"OK","ERROR") -> OK | Q176: =INDEX(Calendario!$B$5:$B$16,MATCH($A176,Calendario!$A$5:$A$16,0)) -> 46384 | R176: =INDEX(Calendario!$C$5:$C$16,MATCH($A176,Calendario!$A$5:$A$16,0)) -> 46397 | S176: =TEXT(Q176,"DD/MM/YYYY")&" - "&TEXT(Q176+1,"DD/MM/YYYY") -> 28/12/YYYY - 29/12/YYYY
...

Sheet Puntos_Jornada
A1: Alumno | B1: 1 | C1: 2 | D1: 3 | E1: 4 | F1: 5 | G1: 6 | H1: 7 | I1: 8 | J1: 9 | K1: 10 | L1: 11 | M1: 12 | N1: Total temporada
A2: =Alumnos!B2 -> Alumno 1 | B2: =SUMIFS(Eventos!$E$2:$E$401,Eventos!$C$2:$C$401,$A2,Eventos!$B$2:$B$401,B$1) -> 8 | C2: =SUMIFS(Eventos!$E$2:$E$401,Eventos!$C$2:$C$401,$A2,Eventos!$B$2:$B$401,C$1) -> 0 | D2: =SUMIFS(Eventos!$E$2:$E$401,Eventos!$C$2:$C$401,$A2,Eventos!$B$2:$B$401,D$1) -> 0 | E2: =SUMIFS(Eventos!$E$2:$E$401,Eventos!$C$2:$C$401,$A2,Eventos!$B$2:$B$401,E$1) -> 0 | F2: =SUMIFS(Eventos!$E$2:$E$401,Eventos!$C$2:$C$401,$A2,Eventos!$B$2:$B$401,F$1) -> 0 | G2: =SUMIFS(Eventos!$E$2:$E$401,Eventos!$C$2:$C$401,$A2,Eventos!$B$2:$B$401,G$1) -> 0 | H2: =SUMIFS(Eventos!$E$2:$E$401,Eventos!$C$2:$C$401,$A2,Eventos!$B$2:$B$401,H$1) -> 0 | I2: =SUMIFS(Eventos!$E$2:$E$401,Eventos!$C$2:$C$401,$A2,Eventos!$B$2:$B$401,I$1) -> 0 | ... M2: =SUMIFS(Eventos!$E$2:$E$401,Eventos!$C$2:$C$401,$A2,Eventos!$B$2:$B$401,M$1) -> 0 | N2: =SUM(B2:M2) -> 8
A3: =Alumnos!B3 -> Alumno 2 | B3: =SUMIFS(Eventos!$E$2:$E$401,Eventos!$C$2:$C$401,$A3,Eventos!$B$2:$B$401,B$1) -> 0 | C3: =SUMIFS(Eventos!$E$2:$E$401,Eventos!$C$2:$C$401,$A3,Eventos!$B$2:$B$401,C$1) -> 0 | D3: =SUMIFS(Eventos!$E$2:$E$401,Eventos!$C$2:$C$401,$A3,Eventos!$B$2:$B$401,D$1) -> 0 | E3: =SUMIFS(Eventos!$E$2:$E$401,Eventos!$C$2:$C$401,$A3,Eventos!$B$2:$B$401,E$1) -> 0 | F3: =SUMIFS(Eventos!$E$2:$E$401,Eventos!$C$2:$C$401,$A3,Eventos!$B$2:$B$401,F$1) -> 0 | G3: =SUMIFS(Eventos!$E$2:$E$401,Eventos!$C$2:$C$401,$A3,Eventos!$B$2:$B$401,G$1) -> 0 | H3: =SUMIFS(Eventos!$E$2:$E$401,Eventos!$C$2:$C$401,$A3,Eventos!$B$2:$B$401,H$1) -> 0 | I3: =SUMIFS(Eventos!$E$2:$E$401,Eventos!$C$2:$C$401,$A3,Eventos!$B$2:$B$401,I$1) -> 0 | ... M3: =SUMIFS(Eventos!$E$2:$E$401,Eventos!$C$2:$C$401,$A3,Eventos!$B$2:$B$401,M$1) -> 0 | N3: =SUM(B3:M3) -> 0
A4: =Alumnos!B4 -> Alumno 3 | B4: =SUMIFS(Eventos!$E$2:$E$401,Eventos!$C$2:$C$401,$A4,Eventos!$B$2:$B$401,B$1) -> 0 | C4: =SUMIFS(Eventos!$E$2:$E$401,Eventos!$C$2:$C$401,$A4,Eventos!$B$2:$B$401,C$1) -> 0 | D4: =SUMIFS(Eventos!$E$2:$E$401,Eventos!$C$2:$C$401,$A4,Eventos!$B$2:$B$401,D$1) -> 0 | E4: =SUMIFS(Eventos!$E$2:$E$401,Eventos!$C$2:$C$401,$A4,Eventos!$B$2:$B$401,E$1) -> 0 | F4: =SUMIFS(Eventos!$E$2:$E$401,Eventos!$C$2:$C$401,$A4,Eventos!$B$2:$B$401,F$1) -> 0 | G4: =SUMIFS(Eventos!$E$2:$E$401,Eventos!$C$2:$C$401,$A4,Eventos!$B$2:$B$401,G$1) -> 0 | H4: =SUMIFS(Eventos!$E$2:$E$401,Eventos!$C$2:$C$401,$A4,Eventos!$B$2:$B$401,H$1) -> 0 | I4: =SUMIFS(Eventos!$E$2:$E$401,Eventos!$C$2:$C$401,$A4,Eventos!$B$2:$B$401,I$1) -> 0 | ... M4: =SUMIFS(Eventos!$E$2:$E$401,Eventos!$C$2:$C$401,$A4,Eventos!$B$2:$B$401,M$1) -> 0 | N4: =SUM(B4:M4) -> 0
A5: =Alumnos!B5 -> Alumno 4 | B5: =SUMIFS(Eventos!$E$2:$E$401,Eventos!$C$2:$C$401,$A5,Eventos!$B$2:$B$401,B$1) -> 0 | C5: =SUMIFS(Eventos!$E$2:$E$401,Eventos!$C$2:$C$401,$A5,Eventos!$B$2:$B$401,C$1) -> 0 | D5: =SUMIFS(Eventos!$E$2:$E$401,Eventos!$C$2:$C$401,$A5,Eventos!$B$2:$B$401,D$1) -> 0 | E5: =SUMIFS(Eventos!$E$2:$E$401,Eventos!$C$2:$C$401,$A5,Eventos!$B$2:$B$401,E$1) -> 0 | F5: =SUMIFS(Eventos!$E$2:$E$401,Eventos!$C$2:$C$401,$A5,Eventos!$B$2:$B$401,F$1) -> 0 | G5: =SUMIFS(Eventos!$E$2:$E$401,Eventos!$C$2:$C$401,$A5,Eventos!$B$2:$B$401,G$1) -> 0 | H5: =SUMIFS(Eventos!$E$2:$E$401,Eventos!$C$2:$C$401,$A5,Eventos!$B$2:$B$401,H$1) -> 0 | I5: =SUMIFS(Eventos!$E$2:$E$401,Eventos!$C$2:$C$401,$A5,Eventos!$B$2:$B$401,I$1) -> 0 | ... M5: =SUMIFS(Eventos!$E$2:$E$401,Eventos!$C$2:$C$401,$A5,Eventos!$B$2:$B$401,M$1) -> 0 | N5: =SUM(B5:M5) -> 0
A6: =Alumnos!B6 -> Alumno 5 | B6: =SUMIFS(Eventos!$E$2:$E$401,Eventos!$C$2:$C$401,$A6,Eventos!$B$2:$B$401,B$1) -> 0 | C6: =SUMIFS(Eventos!$E$2:$E$401,Eventos!$C$2:$C$401,$A6,Eventos!$B$2:$B$401,C$1) -> 0 | D6: =SUMIFS(Eventos!$E$2:$E$401,Eventos!$C$2:$C$401,$A6,Eventos!$B$2:$B$401,D$1) -> 0 | E6: =SUMIFS(Eventos!$E$2:$E$401,Eventos!$C$2:$C$401,$A6,Eventos!$B$2:$B$401,E$1) -> 0 | F6: =SUMIFS(Eventos!$E$2:$E$401,Eventos!$C$2:$C$401,$A6,Eventos!$B$2:$B$401,F$1) -> 0 | G6: =SUMIFS(Eventos!$E$2:$E$401,Eventos!$C$2:$C$401,$A6,Eventos!$B$2:$B$401,G$1) -> 0 | H6: =SUMIFS(Eventos!$E$2:$E$401,Eventos!$C$2:$C$401,$A6,Eventos!$B$2:$B$401,H$1) -> 0 | I6: =SUMIFS(Eventos!$E$2:$E$401,Eventos!$C$2:$C$401,$A6,Eventos!$B$2:$B$401,I$1) -> 0 | ... M6: =SUMIFS(Eventos!$E$2:$E$401,Eventos!$C$2:$C$401,$A6,Eventos!$B$2:$B$401,M$1) -> 0 | N6: =SUM(B6:M6) -> 0
A7: =Alumnos!B7 -> Alumno 6 | B7: =SUMIFS(Eventos!$E$2:$E$401,Eventos!$C$2:$C$401,$A7,Eventos!$B$2:$B$401,B$1) -> 0 | C7: =SUMIFS(Eventos!$E$2:$E$401,Eventos!$C$2:$C$401,$A7,Eventos!$B$2:$B$401,C$1) -> 0 | D7: =SUMIFS(Eventos!$E$2:$E$401,Eventos!$C$2:$C$401,$A7,Eventos!$B$2:$B$401,D$1) -> 0 | E7: =SUMIFS(Eventos!$E$2:$E$401,Eventos!$C$2:$C$401,$A7,Eventos!$B$2:$B$401,E$1) -> 0 | F7: =SUMIFS(Eventos!$E$2:$E$401,Eventos!$C$2:$C$401,$A7,Eventos!$B$2:$B$401,F$1) -> 0 | G7: =SUMIFS(Eventos!$E$2:$E$401,Eventos!$C$2:$C$401,$A7,Eventos!$B$2:$B$401,G$1) -> 0 | H7: =SUMIFS(Eventos!$E$2:$E$401,Eventos!$C$2:$C$401,$A7,Eventos!$B$2:$B$401,H$1) -> 0 | I7: =SUMIFS(Eventos!$E$2:$E$401,Eventos!$C$2:$C$401,$A7,Eventos!$B$2:$B$401,I$1) -> 0 | ... M7: =SUMIFS(Eventos!$E$2:$E$401,Eventos!$C$2:$C$401,$A7,Eventos!$B$2:$B$401,M$1) -> 0 | N7: =SUM(B7:M7) -> 0
A8: =Alumnos!B8 -> Alumno 7 | B8: =SUMIFS(Eventos!$E$2:$E$401,Eventos!$C$2:$C$401,$A8,Eventos!$B$2:$B$401,B$1) -> 0 | C8: =SUMIFS(Eventos!$E$2:$E$401,Eventos!$C$2:$C$401,$A8,Eventos!$B$2:$B$401,C$1) -> 0 | D8: =SUMIFS(Eventos!$E$2:$E$401,Eventos!$C$2:$C$401,$A8,Eventos!$B$2:$B$401,D$1) -> 0 | E8: =SUMIFS(Eventos!$E$2:$E$401,Eventos!$C$2:$C$401,$A8,Eventos!$B$2:$B$401,E$1) -> 0 | F8: =SUMIFS(Eventos!$E$2:$E$401,Eventos!$C$2:$C$401,$A8,Eventos!$B$2:$B$401,F$1) -> 0 | G8: =SUMIFS(Eventos!$E$2:$E$401,Eventos!$C$2:$C$401,$A8,Eventos!$B$2:$B$401,G$1) -> 0 | H8: =SUMIFS(Eventos!$E$2:$E$401,Eventos!$C$2:$C$401,$A8,Eventos!$B$2:$B$401,H$1) -> 0 | I8: =SUMIFS(Eventos!$E$2:$E$401,Eventos!$C$2:$C$401,$A8,Eventos!$B$2:$B$401,I$1) -> 0 | ... M8: =SUMIFS(Eventos!$E$2:$E$401,Eventos!$C$2:$C$401,$A8,Eventos!$B$2:$B$401,M$1) -> 0 | N8: =SUM(B8:M8) -> 0
A9: =Alumnos!B9 -> Alumno 8 | B9: =SUMIFS(Eventos!$E$2:$E$401,Eventos!$C$2:$C$401,$A9,Eventos!$B$2:$B$401,B$1) -> 0 | C9: =SUMIFS(Eventos!$E$2:$E$401,Eventos!$C$2:$C$401,$A9,Eventos!$B$2:$B$401,C$1) -> 0 | D9: =SUMIFS(Eventos!$E$2:$E$401,Eventos!$C$2:$C$401,$A9,Eventos!$B$2:$B$401,D$1) -> 0 | E9: =SUMIFS(Eventos!$E$2:$E$401,Eventos!$C$2:$C$401,$A9,Eventos!$B$2:$B$401,E$1) -> 0 | F9: =SUMIFS(Eventos!$E$2:$E$401,Eventos!$C$2:$C$401,$A9,Eventos!$B$2:$B$401,F$1) -> 0 | G9: =SUMIFS(Eventos!$E$2:$E$401,Eventos!$C$2:$C$401,$A9,Eventos!$B$2:$B$401,G$1) -> 0 | H9: =SUMIFS(Eventos!$E$2:$E$401,Eventos!$C$2:$C$401,$A9,Eventos!$B$2:$B$401,H$1) -> 0 | I9: =SUMIFS(Eventos!$E$2:$E$401,Eventos!$C$2:$C$401,$A9,Eventos!$B$2:$B$401,I$1) -> 0 | ... M9: =SUMIFS(Eventos!$E$2:$E$401,Eventos!$C$2:$C$401,$A9,Eventos!$B$2:$B$401,M$1) -> 0 | N9: =SUM(B9:M9) -> 0
A10: =Alumnos!B10 -> Alumno 9 | B10: =SUMIFS(Eventos!$E$2:$E$401,Eventos!$C$2:$C$401,$A10,Eventos!$B$2:$B$401,B$1) -> 0 | C10: =SUMIFS(Eventos!$E$2:$E$401,Eventos!$C$2:$C$401,$A10,Eventos!$B$2:$B$401,C$1) -> 0 | D10: =SUMIFS(Eventos!$E$2:$E$401,Eventos!$C$2:$C$401,$A10,Eventos!$B$2:$B$401,D$1) -> 0 | E10: =SUMIFS(Eventos!$E$2:$E$401,Eventos!$C$2:$C$401,$A10,Eventos!$B$2:$B$401,E$1) -> 0 | F10: =SUMIFS(Eventos!$E$2:$E$401,Eventos!$C$2:$C$401,$A10,Eventos!$B$2:$B$401,F$1) -> 0 | G10: =SUMIFS(Eventos!$E$2:$E$401,Eventos!$C$2:$C$401,$A10,Eventos!$B$2:$B$401,G$1) -> 0 | H10: =SUMIFS(Eventos!$E$2:$E$401,Eventos!$C$2:$C$401,$A10,Eventos!$B$2:$B$401,H$1) -> 0 | I10: =SUMIFS(Eventos!$E$2:$E$401,Eventos!$C$2:$C$401,$A10,Eventos!$B$2:$B$401,I$1) -> 0 | ... M10: =SUMIFS(Eventos!$E$2:$E$401,Eventos!$C$2:$C$401,$A10,Eventos!$B$2:$B$401,M$1) -> 0 | N10: =SUM(B10:M10) -> 0
A11: =Alumnos!B11 -> Alumno 10 | B11: =SUMIFS(Eventos!$E$2:$E$401,Eventos!$C$2:$C$401,$A11,Eventos!$B$2:$B$401,B$1) -> 0 | C11: =SUMIFS(Eventos!$E$2:$E$401,Eventos!$C$2:$C$401,$A11,Eventos!$B$2:$B$401,C$1) -> 0 | D11: =SUMIFS(Eventos!$E$2:$E$401,Eventos!$C$2:$C$401,$A11,Eventos!$B$2:$B$401,D$1) -> 0 | E11: =SUMIFS(Eventos!$E$2:$E$401,Eventos!$C$2:$C$401,$A11,Eventos!$B$2:$B$401,E$1) -> 0 | F11: =SUMIFS(Eventos!$E$2:$E$401,Eventos!$C$2:$C$401,$A11,Eventos!$B$2:$B$401,F$1) -> 0 | G11: =SUMIFS(Eventos!$E$2:$E$401,Eventos!$C$2:$C$401,$A11,Eventos!$B$2:$B$401,G$1) -> 0 | H11: =SUMIFS(Eventos!$E$2:$E$401,Eventos!$C$2:$C$401,$A11,Eventos!$B$2:$B$401,H$1) -> 0 | I11: =SUMIFS(Eventos!$E$2:$E$401,Eventos!$C$2:$C$401,$A11,Eventos!$B$2:$B$401,I$1) -> 0 | ... M11: =SUMIFS(Eventos!$E$2:$E$401,Eventos!$C$2:$C$401,$A11,Eventos!$B$2:$B$401,M$1) -> 0 | N11: =SUM(B11:M11) -> 0
A12: =Alumnos!B12 -> Alumno 11 | B12: =SUMIFS(Eventos!$E$2:$E$401,Eventos!$C$2:$C$401,$A12,Eventos!$B$2:$B$401,B$1) -> 0 | C12: =SUMIFS(Eventos!$E$2:$E$401,Eventos!$C$2:$C$401,$A12,Eventos!$B$2:$B$401,C$1) -> 0 | D12: =SUMIFS(Eventos!$E$2:$E$401,Eventos!$C$2:$C$401,$A12,Eventos!$B$2:$B$401,D$1) -> 0 | E12: =SUMIFS(Eventos!$E$2:$E$401,Eventos!$C$2:$C$401,$A12,Eventos!$B$2:$B$401,E$1) -> 0 | F12: =SUMIFS(Eventos!$E$2:$E$401,Eventos!$C$2:$C$401,$A12,Eventos!$B$2:$B$401,F$1) -> 0 | G12: =SUMIFS(Eventos!$E$2:$E$401,Eventos!$C$2:$C$401,$A12,Eventos!$B$2:$B$401,G$1) -> 0 | H12: =SUMIFS(Eventos!$E$2:$E$401,Eventos!$C$2:$C$401,$A12,Eventos!$B$2:$B$401,H$1) -> 0 | I12: =SUMIFS(Eventos!$E$2:$E$401,Eventos!$C$2:$C$401,$A12,Eventos!$B$2:$B$401,I$1) -> 0 | ... M12: =SUMIFS(Eventos!$E$2:$E$401,Eventos!$C$2:$C$401,$A12,Eventos!$B$2:$B$401,M$1) -> 0 | N12: =SUM(B12:M12) -> 0
A13: =Alumnos!B13 -> Alumno 12 | B13: =SUMIFS(Eventos!$E$2:$E$401,Eventos!$C$2:$C$401,$A13,Eventos!$B$2:$B$401,B$1) -> 0 | C13: =SUMIFS(Eventos!$E$2:$E$401,Eventos!$C$2:$C$401,$A13,Eventos!$B$2:$B$401,C$1) -> 0 | D13: =SUMIFS(Eventos!$E$2:$E$401,Eventos!$C$2:$C$401,$A13,Eventos!$B$2:$B$401,D$1) -> 0 | E13: =SUMIFS(Eventos!$E$2:$E$401,Eventos!$C$2:$C$401,$A13,Eventos!$B$2:$B$401,E$1) -> 0 | F13: =SUMIFS(Eventos!$E$2:$E$401,Eventos!$C$2:$C$401,$A13,Eventos!$B$2:$B$401,F$1) -> 0 | G13: =SUMIFS(Eventos!$E$2:$E$401,Eventos!$C$2:$C$401,$A13,Eventos!$B$2:$B$401,G$1) -> 0 | H13: =SUMIFS(Eventos!$E$2:$E$401,Eventos!$C$2:$C$401,$A13,Eventos!$B$2:$B$401,H$1) -> 0 | I13: =SUMIFS(Eventos!$E$2:$E$401,Eventos!$C$2:$C$401,$A13,Eventos!$B$2:$B$401,I$1) -> 0 | ... M13: =SUMIFS(Eventos!$E$2:$E$401,Eventos!$C$2:$C$401,$A13,Eventos!$B$2:$B$401,M$1) -> 0 | N13: =SUM(B13:M13) -> 0
... A25: =Alumnos!B25 -> Alumno 24 | B25: =SUMIFS(Eventos!$E$2:$E$401,Eventos!$C$2:$C$401,$A25,Eventos!$B$2:$B$401,B$1) -> 0 | C25: =SUMIFS(Eventos!$E$2:$E$401,Eventos!$C$2:$C$401,$A25,Eventos!$B$2:$B$401,C$1) -> 0 | D25: =SUMIFS(Eventos!$E$2:$E$401,Eventos!$C$2:$C$401,$A25,Eventos!$B$2:$B$401,D$1) -> 0 | E25: =SUMIFS(Eventos!$E$2:$E$401,Eventos!$C$2:$C$401,$A25,Eventos!$B$2:$B$401,E$1) -> 0 | F25: =SUMIFS(Eventos!$E$2:$E$401,Eventos!$C$2:$C$401,$A25,Eventos!$B$2:$B$401,F$1) -> 0 | G25: =SUMIFS(Eventos!$E$2:$E$401,Eventos!$C$2:$C$401,$A25,Eventos!$B$2:$B$401,G$1) -> 0 | H25: =SUMIFS(Eventos!$E$2:$E$401,Eventos!$C$2:$C$401,$A25,Eventos!$B$2:$B$401,H$1) -> 0 | I25: =SUMIFS(Eventos!$E$2:$E$401,Eventos!$C$2:$C$401,$A25,Eventos!$B$2:$B$401,I$1) -> 0 | ... M25: =SUMIFS(Eventos!$E$2:$E$401,Eventos!$C$2:$C$401,$A25,Eventos!$B$2:$B$401,M$1) -> 0 | N25: =SUM(B25:M25) -> 0

Sheet Clasificacion
A1: Jornada | B1: Manager | C1: Puntos Jugador 1 | D1: Puntos Jugador 2 | E1: Puntos Jugador 3 | F1: Puntos Jugador 4 | G1: Puntos Jugador 5 | H1: Puntos Capitan (bonus) | I1: Total jornada
A2: =Plantillas!A2 -> 1 | B2: =Plantillas!B2 -> Alumno 1 | C2: =IFERROR(INDEX(Puntos_Jornada!$B$2:$M$25,MATCH(Plantillas!C2,Puntos_Jornada!$A$2:$A$25,0),MATCH($A2,Puntos_Jornada!$B$1:$M$1,0)),0) -> 8 | D2: =IFERROR(INDEX(Puntos_Jornada!$B$2:$M$25,MATCH(Plantillas!D2,Puntos_Jornada!$A$2:$A$25,0),MATCH($A2,Puntos_Jornada!$B$1:$M$1,0)),0) -> 0 | E2: =IFERROR(INDEX(Puntos_Jornada!$B$2:$M$25,MATCH(Plantillas!E2,Puntos_Jornada!$A$2:$A$25,0),MATCH($A2,Puntos_Jornada!$B$1:$M$1,0)),0) -> 0 | F2: =IFERROR(INDEX(Puntos_Jornada!$B$2:$M$25,MATCH(Plantillas!F2,Puntos_Jornada!$A$2:$A$25,0),MATCH($A2,Puntos_Jornada!$B$1:$M$1,0)),0) -> 8 | G2: =IFERROR(INDEX(Puntos_Jornada!$B$2:$M$25,MATCH(Plantillas!G2,Puntos_Jornada!$A$2:$A$25,0),MATCH($A2,Puntos_Jornada!$B$1:$M$1,0)),0) -> 0 | H2: =IFERROR(INDEX(Puntos_Jornada!$B$2:$M$25,MATCH(Plantillas!H2,Puntos_Jornada!$A$2:$A$25,0),MATCH($A2,Puntos_Jornada!$B$1:$M$1,0)),0) -> 8 | I2: =SUM(C2:G2)+H2 -> 24
A3: =Plantillas!A3 -> 1 | B3: =Plantillas!B3 -> Alumno 2 | C3: =IFERROR(INDEX(Puntos_Jornada!$B$2:$M$25,MATCH(Plantillas!C3,Puntos_Jornada!$A$2:$A$25,0),MATCH($A3,Puntos_Jornada!$B$1:$M$1,0)),0) -> 0 | D3: =IFERROR(INDEX(Puntos_Jornada!$B$2:$M$25,MATCH(Plantillas!D3,Puntos_Jornada!$A$2:$A$25,0),MATCH($A3,Puntos_Jornada!$B$1:$M$1,0)),0) -> 0 | E3: =IFERROR(INDEX(Puntos_Jornada!$B$2:$M$25,MATCH(Plantillas!E3,Puntos_Jornada!$A$2:$A$25,0),MATCH($A3,Puntos_Jornada!$B$1:$M$1,0)),0) -> 0 | F3: =IFERROR(INDEX(Puntos_Jornada!$B$2:$M$25,MATCH(Plantillas!F3,Puntos_Jornada!$A$2:$A$25,0),MATCH($A3,Puntos_Jornada!$B$1:$M$1,0)),0) -> 0 | G3: =IFERROR(INDEX(Puntos_Jornada!$B$2:$M$25,MATCH(Plantillas!G3,Puntos_Jornada!$A$2:$A$25,0),MATCH($A3,Puntos_Jornada!$B$1:$M$1,0)),0) -> 0 | H3: =IFERROR(INDEX(Puntos_Jornada!$B$2:$M$25,MATCH(Plantillas!H3,Puntos_Jornada!$A$2:$A$25,0),MATCH($A3,Puntos_Jornada!$B$1:$M$1,0)),0) -> 0 | I3: =SUM(C3:G3)+H3 -> 0
A4: =Plantillas!A4 -> 1 | B4: =Plantillas!B4 -> Alumno 3 | C4: =IFERROR(INDEX(Puntos_Jornada!$B$2:$M$25,MATCH(Plantillas!C4,Puntos_Jornada!$A$2:$A$25,0),MATCH($A4,Puntos_Jornada!$B$1:$M$1,0)),0) -> 0 | D4: =IFERROR(INDEX(Puntos_Jornada!$B$2:$M$25,MATCH(Plantillas!D4,Puntos_Jornada!$A$2:$A$25,0),MATCH($A4,Puntos_Jornada!$B$1:$M$1,0)),0) -> 0 | E4: =IFERROR(INDEX(Puntos_Jornada!$B$2:$M$25,MATCH(Plantillas!E4,Puntos_Jornada!$A$2:$A$25,0),MATCH($A4,Puntos_Jornada!$B$1:$M$1,0)),0) -> 0 | F4: =IFERROR(INDEX(Puntos_Jornada!$B$2:$M$25,MATCH(Plantillas!F4,Puntos_Jornada!$A$2:$A$25,0),MATCH($A4,Puntos_Jornada!$B$1:$M$1,0)),0) -> 0 | G4: =IFERROR(INDEX(Puntos_Jornada!$B$2:$M$25,MATCH(Plantillas!G4,Puntos_Jornada!$A$2:$A$25,0),MATCH($A4,Puntos_Jornada!$B$1:$M$1,0)),0) -> 0 | H4: =IFERROR(INDEX(Puntos_Jornada!$B$2:$M$25,MATCH(Plantillas!H4,Puntos_Jornada!$A$2:$A$25,0),MATCH($A4,Puntos_Jornada!$B$1:$M$1,0)),0) -> 0 | I4: =SUM(C4:G4)+H4 -> 0
A5: =Plantillas!A5 -> 1 | B5: =Plantillas!B5 -> Alumno 4 | C5: =IFERROR(INDEX(Puntos_Jornada!$B$2:$M$25,MATCH(Plantillas!C5,Puntos_Jornada!$A$2:$A$25,0),MATCH($A5,Puntos_Jornada!$B$1:$M$1,0)),0) -> 0 | D5: =IFERROR(INDEX(Puntos_Jornada!$B$2:$M$25,MATCH(Plantillas!D5,Puntos_Jornada!$A$2:$A$25,0),MATCH($A5,Puntos_Jornada!$B$1:$M$1,0)),0) -> 0 | E5: =IFERROR(INDEX(Puntos_Jornada!$B$2:$M$25,MATCH(Plantillas!E5,Puntos_Jornada!$A$2:$A$25,0),MATCH($A5,Puntos_Jornada!$B$1:$M$1,0)),0) -> 0 | F5: =IFERROR(INDEX(Puntos_Jornada!$B$2:$M$25,MATCH(Plantillas!F5,Puntos_Jornada!$A$2:$A$25,0),MATCH($A5,Puntos_Jornada!$B$1:$M$1,0)),0) -> 0 | G5: =IFERROR(INDEX(Puntos_Jornada!$B$2:$M$25,MATCH(Plantillas!G5,Puntos_Jornada!$A$2:$A$25,0),MATCH($A5,Puntos_Jornada!$B$1:$M$1,0)),0) -> 0 | H5: =IFERROR(INDEX(Puntos_Jornada!$B$2:$M$25,MATCH(Plantillas!H5,Puntos_Jornada!$A$2:$A$25,0),MATCH($A5,Puntos_Jornada!$B$1:$M$1,0)),0) -> 0 | I5: =SUM(C5:G5)+H5 -> 0
A6: =Plantillas!A6 -> 1 | B6: =Plantillas!B6 -> Alumno 5 | C6: =IFERROR(INDEX(Puntos_Jornada!$B$2:$M$25,MATCH(Plantillas!C6,Puntos_Jornada!$A$2:$A$25,0),MATCH($A6,Puntos_Jornada!$B$1:$M$1,0)),0) -> 0 | D6: =IFERROR(INDEX(Puntos_Jornada!$B$2:$M$25,MATCH(Plantillas!D6,Puntos_Jornada!$A$2:$A$25,0),MATCH($A6,Puntos_Jornada!$B$1:$M$1,0)),0) -> 0 | E6: =IFERROR(INDEX(Puntos_Jornada!$B$2:$M$25,MATCH(Plantillas!E6,Puntos_Jornada!$A$2:$A$25,0),MATCH($A6,Puntos_Jornada!$B$1:$M$1,0)),0) -> 0 | F6: =IFERROR(INDEX(Puntos_Jornada!$B$2:$M$25,MATCH(Plantillas!F6,Puntos_Jornada!$A$2:$A$25,0),MATCH($A6,Puntos_Jornada!$B$1:$M$1,0)),0) -> 0 | G6: =IFERROR(INDEX(Puntos_Jornada!$B$2:$M$25,MATCH(Plantillas!G6,Puntos_Jornada!$A$2:$A$25,0),MATCH($A6,Puntos_Jornada!$B$1:$M$1,0)),0) -> 0 | H6: =IFERROR(INDEX(Puntos_Jornada!$B$2:$M$25,MATCH(Plantillas!H6,Puntos_Jornada!$A$2:$A$25,0),MATCH($A6,Puntos_Jornada!$B$1:$M$1,0)),0) -> 0 | I6: =SUM(C6:G6)+H6 -> 0
A7: =Plantillas!A7 -> 1 | B7: =Plantillas!B7 -> Alumno 6 | C7: =IFERROR(INDEX(Puntos_Jornada!$B$2:$M$25,MATCH(Plantillas!C7,Puntos_Jornada!$A$2:$A$25,0),MATCH($A7,Puntos_Jornada!$B$1:$M$1,0)),0) -> 0 | D7: =IFERROR(INDEX(Puntos_Jornada!$B$2:$M$25,MATCH(Plantillas!D7,Puntos_Jornada!$A$2:$A$25,0),MATCH($A7,Puntos_Jornada!$B$1:$M$1,0)),0) -> 0 | E7: =IFERROR(INDEX(Puntos_Jornada!$B$2:$M$25,MATCH(Plantillas!E7,Puntos_Jornada!$A$2:$A$25,0),MATCH($A7,Puntos_Jornada!$B$1:$M$1,0)),0) -> 0 | F7: =IFERROR(INDEX(Puntos_Jornada!$B$2:$M$25,MATCH(Plantillas!F7,Puntos_Jornada!$A$2:$A$25,0),MATCH($A7,Puntos_Jornada!$B$1:$M$1,0)),0) -> 0 | G7: =IFERROR(INDEX(Puntos_Jornada!$B$2:$M$25,MATCH(Plantillas!G7,Puntos_Jornada!$A$2:$A$25,0),MATCH($A7,Puntos_Jornada!$B$1:$M$1,0)),0) -> 0 | H7: =IFERROR(INDEX(Puntos_Jornada!$B$2:$M$25,MATCH(Plantillas!H7,Puntos_Jornada!$A$2:$A$25,0),MATCH($A7,Puntos_Jornada!$B$1:$M$1,0)),0) -> 0 | I7: =SUM(C7:G7)+H7 -> 0
A8: =Plantillas!A8 -> 1 | B8: =Plantillas!B8 -> Alumno 7 | C8: =IFERROR(INDEX(Puntos_Jornada!$B$2:$M$25,MATCH(Plantillas!C8,Puntos_Jornada!$A$2:$A$25,0),MATCH($A8,Puntos_Jornada!$B$1:$M$1,0)),0) -> 0 | D8: =IFERROR(INDEX(Puntos_Jornada!$B$2:$M$25,MATCH(Plantillas!D8,Puntos_Jornada!$A$2:$A$25,0),MATCH($A8,Puntos_Jornada!$B$1:$M$1,0)),0) -> 0 | E8: =IFERROR(INDEX(Puntos_Jornada!$B$2:$M$25,MATCH(Plantillas!E8,Puntos_Jornada!$A$2:$A$25,0),MATCH($A8,Puntos_Jornada!$B$1:$M$1,0)),0) -> 0 | F8: =IFERROR(INDEX(Puntos_Jornada!$B$2:$M$25,MATCH(Plantillas!F8,Puntos_Jornada!$A$2:$A$25,0),MATCH($A8,Puntos_Jornada!$B$1:$M$1,0)),0) -> 0 | G8: =IFERROR(INDEX(Puntos_Jornada!$B$2:$M$25,MATCH(Plantillas!G8,Puntos_Jornada!$A$2:$A$25,0),MATCH($A8,Puntos_Jornada!$B$1:$M$1,0)),0) -> 0 | H8: =IFERROR(INDEX(Puntos_Jornada!$B$2:$M$25,MATCH(Plantillas!H8,Puntos_Jornada!$A$2:$A$25,0),MATCH($A8,Puntos_Jornada!$B$1:$M$1,0)),0) -> 0 | I8: =SUM(C8:G8)+H8 -> 0
A9: =Plantillas!A9 -> 1 | B9: =Plantillas!B9 -> Alumno 8 | C9: =IFERROR(INDEX(Puntos_Jornada!$B$2:$M$25,MATCH(Plantillas!C9,Puntos_Jornada!$A$2:$A$25,0),MATCH($A9,Puntos_Jornada!$B$1:$M$1,0)),0) -> 0 | D9: =IFERROR(INDEX(Puntos_Jornada!$B$2:$M$25,MATCH(Plantillas!D9,Puntos_Jornada!$A$2:$A$25,0),MATCH($A9,Puntos_Jornada!$B$1:$M$1,0)),0) -> 0 | E9: =IFERROR(INDEX(Puntos_Jornada!$B$2:$M$25,MATCH(Plantillas!E9,Puntos_Jornada!$A$2:$A$25,0),MATCH($A9,Puntos_Jornada!$B$1:$M$1,0)),0) -> 0 | F9: =IFERROR(INDEX(Puntos_Jornada!$B$2:$M$25,MATCH(Plantillas!F9,Puntos_Jornada!$A$2:$A$25,0),MATCH($A9,Puntos_Jornada!$B$1:$M$1,0)),0) -> 0 | G9: =IFERROR(INDEX(Puntos_Jornada!$B$2:$M$25,MATCH(Plantillas!G9,Puntos_Jornada!$A$2:$A$25,0),MATCH($A9,Puntos_Jornada!$B$1:$M$1,0)),0) -> 0 | H9: =IFERROR(INDEX(Puntos_Jornada!$B$2:$M$25,MATCH(Plantillas!H9,Puntos_Jornada!$A$2:$A$25,0),MATCH($A9,Puntos_Jornada!$B$1:$M$1,0)),0) -> 0 | I9: =SUM(C9:G9)+H9 -> 0
A10: =Plantillas!A10 -> 1 | B10: =Plantillas!B10 -> Alumno 9 | C10: =IFERROR(INDEX(Puntos_Jornada!$B$2:$M$25,MATCH(Plantillas!C10,Puntos_Jornada!$A$2:$A$25,0),MATCH($A10,Puntos_Jornada!$B$1:$M$1,0)),0) -> 0 | D10: =IFERROR(INDEX(Puntos_Jornada!$B$2:$M$25,MATCH(Plantillas!D10,Puntos_Jornada!$A$2:$A$25,0),MATCH($A10,Puntos_Jornada!$B$1:$M$1,0)),0) -> 0 | E10: =IFERROR(INDEX(Puntos_Jornada!$B$2:$M$25,MATCH(Plantillas!E10,Puntos_Jornada!$A$2:$A$25,0),MATCH($A10,Puntos_Jornada!$B$1:$M$1,0)),0) -> 0 | F10: =IFERROR(INDEX(Puntos_Jornada!$B$2:$M$25,MATCH(Plantillas!F10,Puntos_Jornada!$A$2:$A$25,0),MATCH($A10,Puntos_Jornada!$B$1:$M$1,0)),0) -> 0 | G10: =IFERROR(INDEX(Puntos_Jornada!$B$2:$M$25,MATCH(Plantillas!G10,Puntos_Jornada!$A$2:$A$25,0),MATCH($A10,Puntos_Jornada!$B$1:$M$1,0)),0) -> 0 | H10: =IFERROR(INDEX(Puntos_Jornada!$B$2:$M$25,MATCH(Plantillas!H10,Puntos_Jornada!$A$2:$A$25,0),MATCH($A10,Puntos_Jornada!$B$1:$M$1,0)),0) -> 0 | I10: =SUM(C10:G10)+H10 -> 0
A11: =Plantillas!A11 -> 1 | B11: =Plantillas!B11 -> Alumno 10 | C11: =IFERROR(INDEX(Puntos_Jornada!$B$2:$M$25,MATCH(Plantillas!C11,Puntos_Jornada!$A$2:$A$25,0),MATCH($A11,Puntos_Jornada!$B$1:$M$1,0)),0) -> 0 | D11: =IFERROR(INDEX(Puntos_Jornada!$B$2:$M$25,MATCH(Plantillas!D11,Puntos_Jornada!$A$2:$A$25,0),MATCH($A11,Puntos_Jornada!$B$1:$M$1,0)),0) -> 0 | E11: =IFERROR(INDEX(Puntos_Jornada!$B$2:$M$25,MATCH(Plantillas!E11,Puntos_Jornada!$A$2:$A$25,0),MATCH($A11,Puntos_Jornada!$B$1:$M$1,0)),0) -> 0 | F11: =IFERROR(INDEX(Puntos_Jornada!$B$2:$M$25,MATCH(Plantillas!F11,Puntos_Jornada!$A$2:$A$25,0),MATCH($A11,Puntos_Jornada!$B$1:$M$1,0)),0) -> 0 | G11: =IFERROR(INDEX(Puntos_Jornada!$B$2:$M$25,MATCH(Plantillas!G11,Puntos_Jornada!$A$2:$A$25,0),MATCH($A11,Puntos_Jornada!$B$1:$M$1,0)),0) -> 0 | H11: =IFERROR(INDEX(Puntos_Jornada!$B$2:$M$25,MATCH(Plantillas!H11,Puntos_Jornada!$A$2:$A$25,0),MATCH($A11,Puntos_Jornada!$B$1:$M$1,0)),0) -> 0 | I11: =SUM(C11:G11)+H11 -> 0
A12: =Plantillas!A12 -> 1 | B12: =Plantillas!B12 -> Alumno 11 | C12: =IFERROR(INDEX(Puntos_Jornada!$B$2:$M$25,MATCH(Plantillas!C12,Puntos_Jornada!$A$2:$A$25,0),MATCH($A12,Puntos_Jornada!$B$1:$M$1,0)),0) -> 0 | D12: =IFERROR(INDEX(Puntos_Jornada!$B$2:$M$25,MATCH(Plantillas!D12,Puntos_Jornada!$A$2:$A$25,0),MATCH($A12,Puntos_Jornada!$B$1:$M$1,0)),0) -> 0 | E12: =IFERROR(INDEX(Puntos_Jornada!$B$2:$M$25,MATCH(Plantillas!E12,Puntos_Jornada!$A$2:$A$25,0),MATCH($A12,Puntos_Jornada!$B$1:$M$1,0)),0) -> 0 | F12: =IFERROR(INDEX(Puntos_Jornada!$B$2:$M$25,MATCH(Plantillas!F12,Puntos_Jornada!$A$2:$A$25,0),MATCH($A12,Puntos_Jornada!$B$1:$M$1,0)),0) -> 0 | G12: =IFERROR(INDEX(Puntos_Jornada!$B$2:$M$25,MATCH(Plantillas!G12,Puntos_Jornada!$A$2:$A$25,0),MATCH($A12,Puntos_Jornada!$B$1:$M$1,0)),0) -> 0 | H12: =IFERROR(INDEX(Puntos_Jornada!$B$2:$M$25,MATCH(Plantillas!H12,Puntos_Jornada!$A$2:$A$25,0),MATCH($A12,Puntos_Jornada!$B$1:$M$1,0)),0) -> 0 | I12: =SUM(C12:G12)+H12 -> 0
A13: =Plantillas!A13 -> 1 | B13: =Plantillas!B13 -> Alumno 12 | C13: =IFERROR(INDEX(Puntos_Jornada!$B$2:$M$25,MATCH(Plantillas!C13,Puntos_Jornada!$A$2:$A$25,0),MATCH($A13,Puntos_Jornada!$B$1:$M$1,0)),0) -> 0 | D13: =IFERROR(INDEX(Puntos_Jornada!$B$2:$M$25,MATCH(Plantillas!D13,Puntos_Jornada!$A$2:$A$25,0),MATCH($A13,Puntos_Jornada!$B$1:$M$1,0)),0) -> 0 | E13: =IFERROR(INDEX(Puntos_Jornada!$B$2:$M$25,MATCH(Plantillas!E13,Puntos_Jornada!$A$2:$A$25,0),MATCH($A13,Puntos_Jornada!$B$1:$M$1,0)),0) -> 0 | F13: =IFERROR(INDEX(Puntos_Jornada!$B$2:$M$25,MATCH(Plantillas!F13,Puntos_Jornada!$A$2:$A$25,0),MATCH($A13,Puntos_Jornada!$B$1:$M$1,0)),0) -> 0 | G13: =IFERROR(INDEX(Puntos_Jornada!$B$2:$M$25,MATCH(Plantillas!G13,Puntos_Jornada!$A$2:$A$25,0),MATCH($A13,Puntos_Jornada!$B$1:$M$1,0)),0) -> 0 | H13: =IFERROR(INDEX(Puntos_Jornada!$B$2:$M$25,MATCH(Plantillas!H13,Puntos_Jornada!$A$2:$A$25,0),MATCH($A13,Puntos_Jornada!$B$1:$M$1,0)),0) -> 0 | I13: =SUM(C13:G13)+H13 -> 0
... A289: =Plantillas!A289 -> 12 | B289: =Plantillas!B289 -> Alumno 24 | C289: =IFERROR(INDEX(Puntos_Jornada!$B$2:$M$25,MATCH(Plantillas!C289,Puntos_Jornada!$A$2:$A$25,0),MATCH($A289,Puntos_Jornada!$B$1:$M$1,0)),0) -> 0 | D289: =IFERROR(INDEX(Puntos_Jornada!$B$2:$M$25,MATCH(Plantillas!D289,Puntos_Jornada!$A$2:$A$25,0),MATCH($A289,Puntos_Jornada!$B$1:$M$1,0)),0) -> 0 | E289: =IFERROR(INDEX(Puntos_Jornada!$B$2:$M$25,MATCH(Plantillas!E289,Puntos_Jornada!$A$2:$A$25,0),MATCH($A289,Puntos_Jornada!$B$1:$M$1,0)),0) -> 0 | F289: =IFERROR(INDEX(Puntos_Jornada!$B$2:$M$25,MATCH(Plantillas!F289,Puntos_Jornada!$A$2:$A$25,0),MATCH($A289,Puntos_Jornada!$B$1:$M$1,0)),0) -> 0 | G289: =IFERROR(INDEX(Puntos_Jornada!$B$2:$M$25,MATCH(Plantillas!G289,Puntos_Jornada!$A$2:$A$25,0),MATCH($A289,Puntos_Jornada!$B$1:$M$1,0)),0) -> 0 | H289: =IFERROR(INDEX(Puntos_Jornada!$B$2:$M$25,MATCH(Plantillas!H289,Puntos_Jornada!$A$2:$A$25,0),MATCH($A289,Puntos_Jornada!$B$1:$M$1,0)),0) -> 0 | I289: =SUM(C289:G289)+H289 -> 0

Sheet Clasificacion_General
A1: Manager | B1: Puntos totales temporada | C1: Posición
A2: =Alumnos!B2 -> Alumno 1 | B2: =SUMIFS(Clasificacion!$I$2:$I$289,Clasificacion!$B$2:$B$289,A2) -> 24 | C2: =RANK(B2,$B$2:$B$25,0) -> 1
A3: =Alumnos!B3 -> Alumno 2 | B3: =SUMIFS(Clasificacion!$I$2:$I$289,Clasificacion!$B$2:$B$289,A3) -> 0 | C3: =RANK(B3,$B$2:$B$25,0) -> 2
A4: =Alumnos!B4 -> Alumno 3 | B4: =SUMIFS(Clasificacion!$I$2:$I$289,Clasificacion!$B$2:$B$289,A4) -> 0 | C4: =RANK(B4,$B$2:$B$25,0) -> 2
A5: =Alumnos!B5 -> Alumno 4 | B5: =SUMIFS(Clasificacion!$I$2:$I$289,Clasificacion!$B$2:$B$289,A5) -> 0 | C5: =RANK(B5,$B$2:$B$25,0) -> 2
A6: =Alumnos!B6 -> Alumno 5 | B6: =SUMIFS(Clasificacion!$I$2:$I$289,Clasificacion!$B$2:$B$289,A6) -> 0 | C6: =RANK(B6,$B$2:$B$25,0) -> 2
A7: =Alumnos!B7 -> Alumno 6 | B7: =SUMIFS(Clasificacion!$I$2:$I$289,Clasificacion!$B$2:$B$289,A7) -> 0 | C7: =RANK(B7,$B$2:$B$25,0) -> 2
A8: =Alumnos!B8 -> Alumno 7 | B8: =SUMIFS(Clasificacion!$I$2:$I$289,Clasificacion!$B$2:$B$289,A8) -> 0 | C8: =RANK(B8,$B$2:$B$25,0) -> 2
A9: =Alumnos!B9 -> Alumno 8 | B9: =SUMIFS(Clasificacion!$I$2:$I$289,Clasificacion!$B$2:$B$289,A9) -> 0 | C9: =RANK(B9,$B$2:$B$25,0) -> 2
A10: =Alumnos!B10 -> Alumno 9 | B10: =SUMIFS(Clasificacion!$I$2:$I$289,Clasificacion!$B$2:$B$289,A10) -> 0 | C10: =RANK(B10,$B$2:$B$25,0) -> 2
A11: =Alumnos!B11 -> Alumno 10 | B11: =SUMIFS(Clasificacion!$I$2:$I$289,Clasificacion!$B$2:$B$289,A11) -> 0 | C11: =RANK(B11,$B$2:$B$25,0) -> 2
A12: =Alumnos!B12 -> Alumno 11 | B12: =SUMIFS(Clasificacion!$I$2:$I$289,Clasificacion!$B$2:$B$289,A12) -> 0 | C12: =RANK(B12,$B$2:$B$25,0) -> 2
A13: =Alumnos!B13 -> Alumno 12 | B13: =SUMIFS(Clasificacion!$I$2:$I$289,Clasificacion!$B$2:$B$289,A13) -> 0 | C13: =RANK(B13,$B$2:$B$25,0) -> 2
... A25: =Alumnos!B25 -> Alumno 24 | B25: =SUMIFS(Clasificacion!$I$2:$I$289,Clasificacion!$B$2:$B$289,A25) -> 0 | C25: =RANK(B25,$B$2:$B$25,0) -> 2

Sheet Validacion_Seleccion
A1: Alumno | B1: Veces fichado (toda la temporada) | C1: Estado
A2: =Alumnos!B2 -> Alumno 1 | B2: =COUNTIF(Plantillas!$C$2:$C$289,A2)+COUNTIF(Plantillas!$D$2:$D$289,A2)+COUNTIF(Plantillas!$E$2:$E$289,A2)+COUNTIF(Plantillas!$F$2:$F$289,A2)+COUNTIF(Plantillas!$G$2:$G$289,A2) -> 2 | C2: =IF(B2=0,"NO SELECCIONADO","OK") -> OK
A3: =Alumnos!B3 -> Alumno 2 | B3: =COUNTIF(Plantillas!$C$2:$C$289,A3)+COUNTIF(Plantillas!$D$2:$D$289,A3)+COUNTIF(Plantillas!$E$2:$E$289,A3)+COUNTIF(Plantillas!$F$2:$F$289,A3)+COUNTIF(Plantillas!$G$2:$G$289,A3) -> 0 | C3: =IF(B3=0,"NO SELECCIONADO","OK") -> NO SELECCIONADO
A4: =Alumnos!B4 -> Alumno 3 | B4: =COUNTIF(Plantillas!$C$2:$C$289,A4)+COUNTIF(Plantillas!$D$2:$D$289,A4)+COUNTIF(Plantillas!$E$2:$E$289,A4)+COUNTIF(Plantillas!$F$2:$F$289,A4)+COUNTIF(Plantillas!$G$2:$G$289,A4) -> 1 | C4: =IF(B4=0,"NO SELECCIONADO","OK") -> OK
A5: =Alumnos!B5 -> Alumno 4 | B5: =COUNTIF(Plantillas!$C$2:$C$289,A5)+COUNTIF(Plantillas!$D$2:$D$289,A5)+COUNTIF(Plantillas!$E$2:$E$289,A5)+COUNTIF(Plantillas!$F$2:$F$289,A5)+COUNTIF(Plantillas!$G$2:$G$289,A5) -> 1 | C5: =IF(B5=0,"NO SELECCIONADO","OK") -> OK
A6: =Alumnos!B6 -> Alumno 5 | B6: =COUNTIF(Plantillas!$C$2:$C$289,A6)+COUNTIF(Plantillas!$D$2:$D$289,A6)+COUNTIF(Plantillas!$E$2:$E$289,A6)+COUNTIF(Plantillas!$F$2:$F$289,A6)+COUNTIF(Plantillas!$G$2:$G$289,A6) -> 0 | C6: =IF(B6=0,"NO SELECCIONADO","OK") -> NO SELECCIONADO
A7: =Alumnos!B7 -> Alumno 6 | B7: =COUNTIF(Plantillas!$C$2:$C$289,A7)+COUNTIF(Plantillas!$D$2:$D$289,A7)+COUNTIF(Plantillas!$E$2:$E$289,A7)+COUNTIF(Plantillas!$F$2:$F$289,A7)+COUNTIF(Plantillas!$G$2:$G$289,A7) -> 0 | C7: =IF(B7=0,"NO SELECCIONADO","OK") -> NO SELECCIONADO
A8: =Alumnos!B8 -> Alumno 7 | B8: =COUNTIF(Plantillas!$C$2:$C$289,A8)+COUNTIF(Plantillas!$D$2:$D$289,A8)+COUNTIF(Plantillas!$E$2:$E$289,A8)+COUNTIF(Plantillas!$F$2:$F$289,A8)+COUNTIF(Plantillas!$G$2:$G$289,A8) -> 0 | C8: =IF(B8=0,"NO SELECCIONADO","OK") -> NO SELECCIONADO
A9: =Alumnos!B9 -> Alumno 8 | B9: =COUNTIF(Plantillas!$C$2:$C$289,A9)+COUNTIF(Plantillas!$D$2:$D$289,A9)+COUNTIF(Plantillas!$E$2:$E$289,A9)+COUNTIF(Plantillas!$F$2:$F$289,A9)+COUNTIF(Plantillas!$G$2:$G$289,A9) -> 0 | C9: =IF(B9=0,"NO SELECCIONADO","OK") -> NO SELECCIONADO
A10: =Alumnos!B10 -> Alumno 9 | B10: =COUNTIF(Plantillas!$C$2:$C$289,A10)+COUNTIF(Plantillas!$D$2:$D$289,A10)+COUNTIF(Plantillas!$E$2:$E$289,A10)+COUNTIF(Plantillas!$F$2:$F$289,A10)+COUNTIF(Plantillas!$G$2:$G$289,A10) -> 0 | C10: =IF(B10=0,"NO SELECCIONADO","OK") -> NO SELECCIONADO
A11: =Alumnos!B11 -> Alumno 10 | B11: =COUNTIF(Plantillas!$C$2:$C$289,A11)+COUNTIF(Plantillas!$D$2:$D$289,A11)+COUNTIF(Plantillas!$E$2:$E$289,A11)+COUNTIF(Plantillas!$F$2:$F$289,A11)+COUNTIF(Plantillas!$G$2:$G$289,A11) -> 1 | C11: =IF(B11=0,"NO SELECCIONADO","OK") -> OK
A12: =Alumnos!B12 -> Alumno 11 | B12: =COUNTIF(Plantillas!$C$2:$C$289,A12)+COUNTIF(Plantillas!$D$2:$D$289,A12)+COUNTIF(Plantillas!$E$2:$E$289,A12)+COUNTIF(Plantillas!$F$2:$F$289,A12)+COUNTIF(Plantillas!$G$2:$G$289,A12) -> 0 | C12: =IF(B12=0,"NO SELECCIONADO","OK") -> NO SELECCIONADO
A13: =Alumnos!B13 -> Alumno 12 | B13: =COUNTIF(Plantillas!$C$2:$C$289,A13)+COUNTIF(Plantillas!$D$2:$D$289,A13)+COUNTIF(Plantillas!$E$2:$E$289,A13)+COUNTIF(Plantillas!$F$2:$F$289,A13)+COUNTIF(Plantillas!$G$2:$G$289,A13) -> 0 | C13: =IF(B13=0,"NO SELECCIONADO","OK") -> NO SELECCIONADO
... A25: =Alumnos!B25 -> Alumno 24 | B25: =COUNTIF(Plantillas!$C$2:$C$289,A25)+COUNTIF(Plantillas!$D$2:$D$289,A25)+COUNTIF(Plantillas!$E$2:$E$289,A25)+COUNTIF(Plantillas!$F$2:$F$289,A25)+COUNTIF(Plantillas!$G$2:$G$289,A25) -> 0 | C25: =IF(B25=0,"NO SELECCIONADO","OK") -> NO SELECCIONADO
